estimate,CI_left,CI_right,misp,estimator,lrnr,n,ATE,iter
3.8956846164593,3.66703193309352,4.13167881140762,1,auDRI,all,672,4,1
3.94149250641743,3.72953434836582,4.15345066446904,1,AIPW,all,672,4,1
3.92986456424696,3.64383637344739,4.2013106371109,2,auDRI,all,672,4,1
3.98552076467416,3.74641317486851,4.22462835447982,2,AIPW,all,672,4,1
3.89033372818539,3.66086177217154,4.11347652542912,3,auDRI,all,672,4,1
3.94932852289156,3.72992802325702,4.16872902252611,3,AIPW,all,672,4,1
4.04276293449391,3.76219695056188,4.3039805530847,1,auDRI,all,672,4,2
4.03013142093298,3.82566534731383,4.23459749455214,1,AIPW,all,672,4,2
4.01000718596897,3.74486781115904,4.28870903809068,2,auDRI,all,672,4,2
4.03977843718382,3.83478257615017,4.24477429821747,2,AIPW,all,672,4,2
4.03391444484844,3.82198038788915,4.22233387911026,3,auDRI,all,672,4,2
4.02260039146412,3.81246153398899,4.23273924893925,3,AIPW,all,672,4,2
4.03713123033685,3.81514223503078,4.27995943515588,1,auDRI,all,672,4,3
4.03587946000446,3.83670453943667,4.23505438057226,1,AIPW,all,672,4,3
4.06032579299927,3.8037090982476,4.32379325107378,2,auDRI,all,672,4,3
4.08621405936431,3.86106101916289,4.31136709956572,2,AIPW,all,672,4,3
4.05864869468345,3.84903436717048,4.26459152419802,3,auDRI,all,672,4,3
4.05278276341261,3.84191985851546,4.26364566830975,3,AIPW,all,672,4,3
4.1723622579597,3.89868895746247,4.45054778960672,1,auDRI,all,672,4,4
4.17571246152212,3.92436808192534,4.4270568411189,1,AIPW,all,672,4,4
4.21368915298852,3.91447297414791,4.50080248212411,2,auDRI,all,672,4,4
4.24350654306044,3.96326189711061,4.52375118901027,2,AIPW,all,672,4,4
4.19647802710696,3.97061594227567,4.43214257254312,3,auDRI,all,672,4,4
4.20744537459951,3.96267924252531,4.45221150667372,3,AIPW,all,672,4,4
4.21177428595767,3.96307896039334,4.49031084791046,1,auDRI,all,672,4,5
4.18382551225696,3.90716365773844,4.46048736677548,1,AIPW,all,672,4,5
4.21073072922458,3.89811300673785,4.5197395557175,2,auDRI,all,672,4,5
4.22980640184078,3.9121483291054,4.54746447457617,2,AIPW,all,672,4,5
4.20480955029289,3.92915545657295,4.47046960030953,3,auDRI,all,672,4,5
4.19291666649762,3.91042711247173,4.47540622052351,3,AIPW,all,672,4,5
4.06142756492354,3.82178324390867,4.30977743428914,1,auDRI,all,672,4,6
4.06397432575148,3.87127014195898,4.25667850954397,1,AIPW,all,672,4,6
4.04918329867549,3.77208657393635,4.32251318743756,2,auDRI,all,672,4,6
4.09291147792307,3.86801238833822,4.31781056750793,2,AIPW,all,672,4,6
4.08163766320676,3.8570832791148,4.28664688919997,3,auDRI,all,672,4,6
4.07478914447212,3.8706210137005,4.27895727524374,3,AIPW,all,672,4,6
3.69696303969335,3.47516719411524,3.93107824341515,1,auDRI,all,672,4,7
3.76656375478969,3.55603589999169,3.9770916095877,1,AIPW,all,672,4,7
3.68358509628231,3.43393119448728,3.93589111171265,2,auDRI,all,672,4,7
3.75252244701515,3.54015273656594,3.96489215746435,2,AIPW,all,672,4,7
3.76747989317535,3.56426990636089,3.97370300255397,3,auDRI,all,672,4,7
3.7589772523781,3.54547887149334,3.97247563326286,3,AIPW,all,672,4,7
3.77215127988913,3.47338831287001,4.05170256355556,1,auDRI,all,672,4,8
3.74123047958312,3.49793647393763,3.98452448522862,1,AIPW,all,672,4,8
3.72015169836157,3.39741498202531,4.02601895358166,2,auDRI,all,672,4,8
3.68265554294884,3.40200333701379,3.96330774888389,2,AIPW,all,672,4,8
3.77935423585914,3.52330528656555,4.0166436848347,3,auDRI,all,672,4,8
3.79411458266387,3.54989048769791,4.03833867762983,3,AIPW,all,672,4,8
10.1218480472063,8.11427876318768,12.2873704312867,1,auDRI,all,672,4,9
10.154515367623,8.09625459185355,12.2127761433924,1,AIPW,all,672,4,9
10.8642680117584,8.61823430574474,13.1328872162382,2,auDRI,all,672,4,9
10.8143919123699,8.47653105643584,13.1522527683039,2,AIPW,all,672,4,9
10.2571843210057,8.14015532632509,12.206994710164,3,auDRI,all,672,4,9
10.2922033523297,8.27465641039439,12.3097502942649,3,AIPW,all,672,4,9
4.63807142248332,3.92105654426326,5.37654017696652,1,auDRI,all,672,4,10
4.61968412822141,3.91471406355772,5.32465419288511,1,AIPW,all,672,4,10
4.67217889774439,3.85645466354668,5.41331982906423,2,auDRI,all,672,4,10
4.69296004417711,3.89005635172732,5.4958637366269,2,AIPW,all,672,4,10
4.67411833226735,4.0050958276229,5.29793169987684,3,auDRI,all,672,4,10
4.64175283507077,3.93973009291031,5.34377557723123,3,AIPW,all,672,4,10
3.98712600804458,3.7303831056529,4.27417992750099,1,auDRI,all,672,4,11
3.95611178003874,3.69180665870625,4.22041690137123,1,AIPW,all,672,4,11
3.94193275927392,3.62449159042522,4.26399915173471,2,auDRI,all,672,4,11
3.9443887511231,3.63389696995845,4.25488053228776,2,AIPW,all,672,4,11
3.96459891452032,3.71608441594223,4.23806552040153,3,auDRI,all,672,4,11
3.95304441314788,3.6885582462264,4.21753058006936,3,AIPW,all,672,4,11
3.98537746940648,3.56754293703277,4.41790986447729,1,auDRI,all,672,4,12
4.03221954361318,3.63089666585584,4.43354242137052,1,AIPW,all,672,4,12
4.05562744176296,3.557076836549,4.50184175109913,2,auDRI,all,672,4,12
4.09882741046919,3.61650536907008,4.58114945186829,2,AIPW,all,672,4,12
4.01142367728056,3.59102594517458,4.39474069682898,3,auDRI,all,672,4,12
4.02533965336786,3.61913543704521,4.43154386969051,3,AIPW,all,672,4,12
13.0017139331431,10.0404913417219,15.6290003095245,1,auDRI,all,672,4,13
13.1928207581098,10.531512739468,15.8541287767515,1,AIPW,all,672,4,13
13.8327958699732,10.8607785491647,16.4428514622268,2,auDRI,all,672,4,13
14.1132013453398,11.2438979227702,16.9825047679095,2,AIPW,all,672,4,13
13.0211599683124,10.1620683647533,15.615423261477,3,auDRI,all,672,4,13
13.1730130419922,10.5296412504078,15.8163848335765,3,AIPW,all,672,4,13
3.84558964005533,3.63843284163095,4.06492248379921,1,auDRI,all,672,4,14
3.83939697150585,3.62502507479599,4.05376886821571,1,AIPW,all,672,4,14
3.81749086418717,3.59248826134178,4.03817463327887,2,auDRI,all,672,4,14
3.81333063809395,3.60266487852685,4.02399639766105,2,AIPW,all,672,4,14
3.82163110390639,3.62296764075143,4.02282212056694,3,auDRI,all,672,4,14
3.84174786625579,3.61971107062366,4.06378466188792,3,AIPW,all,672,4,14
4.13322355767247,3.85599400477949,4.42805568515084,1,auDRI,all,672,4,15
4.11013589380431,3.83998618727261,4.38028560033601,1,AIPW,all,672,4,15
4.12385235365199,3.81587387123258,4.45829131645671,2,auDRI,all,672,4,15
4.08390402189821,3.78279371358189,4.38501433021454,2,AIPW,all,672,4,15
4.09167754206339,3.80835060209986,4.36369162994569,3,auDRI,all,672,4,15
4.10016666077178,3.82223475671396,4.3780985648296,3,AIPW,all,672,4,15
4.71409077993235,4.49441749200626,4.94163236205192,1,auDRI,all,672,4,16
4.65345061883958,4.44396315996772,4.86293807771144,1,AIPW,all,672,4,16
4.75488549645653,4.52444873869982,4.99255688112014,2,auDRI,all,672,4,16
4.78819497329435,4.54911995632123,5.02726999026746,2,AIPW,all,672,4,16
4.68776160321185,4.47567281440703,4.88322880066328,3,auDRI,all,672,4,16
4.6715786543834,4.46209916614932,4.88105814261748,3,AIPW,all,672,4,16
3.78243656736769,3.3462174077545,4.21717528742192,1,auDRI,all,672,4,17
3.67613075348234,3.26565274897206,4.08660875799262,1,AIPW,all,672,4,17
3.75976647714206,3.29770530471994,4.21292667045744,2,auDRI,all,672,4,17
3.64912460412284,3.1779495507976,4.12029965744809,2,AIPW,all,672,4,17
3.71236899004922,3.2951049258149,4.13893372685719,3,auDRI,all,672,4,17
3.69203759933153,3.27541157068562,4.10866362797744,3,AIPW,all,672,4,17
3.45069873994552,3.12831609489719,3.78598279247956,1,auDRI,all,672,4,18
3.5802664872278,3.27230612290826,3.88822685154735,1,AIPW,all,672,4,18
3.36460241041428,3.01143429090301,3.73600562786291,2,auDRI,all,672,4,18
3.503370446598,3.14226285892951,3.86447803426649,2,AIPW,all,672,4,18
3.62544697310511,3.31659940670648,3.93378230713095,3,auDRI,all,672,4,18
3.6144185767983,3.30491554414419,3.9239216094524,3,AIPW,all,672,4,18
3.9417560777736,3.58187924109956,4.28711186152706,1,auDRI,all,672,4,19
3.92210858241393,3.59009651994469,4.25412064488318,1,AIPW,all,672,4,19
3.8152589063497,3.39935889258941,4.21429978077097,2,auDRI,all,672,4,19
3.90778874268403,3.50652333923036,4.30905414613769,2,AIPW,all,672,4,19
4.01344804999777,3.69669885703931,4.35235246854097,3,auDRI,all,672,4,19
3.94956662581056,3.60724783991281,4.29188541170832,3,AIPW,all,672,4,19
4.17138337417107,3.96749042402558,4.3553679544311,1,auDRI,all,672,4,20
4.13931957564128,3.94404535349271,4.33459379778986,1,AIPW,all,672,4,20
4.15046044111605,3.89315089671412,4.41886038493923,2,auDRI,all,672,4,20
4.22865177945685,3.99794573486651,4.45935782404719,2,AIPW,all,672,4,20
4.14212498626636,3.94250258405583,4.33670812248476,3,auDRI,all,672,4,20
4.12717526333769,3.92186101205273,4.33248951462266,3,AIPW,all,672,4,20
2.74088230993084,1.93731654380005,3.53835823132013,1,auDRI,all,672,4,21
2.71004416394437,1.93483562630241,3.48525270158632,1,AIPW,all,672,4,21
2.60596263867615,1.75051237972303,3.41614792593912,2,auDRI,all,672,4,21
2.57294277393749,1.6962055911272,3.44967995674777,2,AIPW,all,672,4,21
2.68636445413333,1.9390587417831,3.45364416279285,3,auDRI,all,672,4,21
2.69068021780911,1.91080069265889,3.47055974295933,3,AIPW,all,672,4,21
3.99504264555509,3.69491782574432,4.30232204978892,1,auDRI,all,672,4,22
4.04900329128056,3.81218459603132,4.2858219865298,1,AIPW,all,672,4,22
4.02651341841955,3.72277496652639,4.32415046594855,2,auDRI,all,672,4,22
4.07656953847305,3.82696143448398,4.32617764246212,2,AIPW,all,672,4,22
4.07858235593074,3.83194042985688,4.31884684450409,3,auDRI,all,672,4,22
4.08560100603474,3.8410397867106,4.33016222535888,3,AIPW,all,672,4,22
4.31437436268128,3.95896071843607,4.62776957304543,1,auDRI,all,672,4,23
4.38918671772429,4.07551719951822,4.70285623593036,1,AIPW,all,672,4,23
4.30042008847745,3.95298187115757,4.64102924637336,2,auDRI,all,672,4,23
4.40848584424588,4.06205842788648,4.75491326060529,2,AIPW,all,672,4,23
4.37408053588551,4.05408400153079,4.69207015053113,3,auDRI,all,672,4,23
4.38286229820237,4.06308709668384,4.70263749972089,3,AIPW,all,672,4,23
3.89256925757845,3.37765361194887,4.40433566539343,1,auDRI,all,672,4,24
3.95516390653068,3.44071378764752,4.46961402541384,1,AIPW,all,672,4,24
3.73155939078353,3.12753258902994,4.25090511849796,2,auDRI,all,672,4,24
3.85484303787366,3.2536173132242,4.45606876252311,2,AIPW,all,672,4,24
4.03079033152024,3.5407282817937,4.54759957294532,3,auDRI,all,672,4,24
3.97388462595012,3.45781103417742,4.48995821772283,3,AIPW,all,672,4,24
4.75252225961586,4.45619614775275,5.04287293156593,1,auDRI,all,672,4,25
4.77852837306652,4.49169422421858,5.06536252191446,1,AIPW,all,672,4,25
4.85238270643958,4.48690224478768,5.18293652466126,2,auDRI,all,672,4,25
4.90855919077159,4.54772729546962,5.26939108607356,2,AIPW,all,672,4,25
4.73619011480366,4.44828262827203,5.002492953981,3,auDRI,all,672,4,25
4.76450666531686,4.47746881847239,5.05154451216133,3,AIPW,all,672,4,25
4.40135914901237,3.01051378560451,5.60351188944586,1,auDRI,all,672,4,26
4.33440865111091,2.97717019595303,5.69164710626879,1,AIPW,all,672,4,26
4.30072389921899,2.79554739057933,5.72533648990896,2,auDRI,all,672,4,26
4.40852344004059,2.86297220670226,5.95407467337892,2,AIPW,all,672,4,26
4.50129154934058,3.11079979780948,5.78126195081159,3,auDRI,all,672,4,26
4.41685507227198,3.06914473237792,5.76456541216604,3,AIPW,all,672,4,26
3.86210226428403,3.59523647760326,4.19216353644893,1,auDRI,all,672,4,27
3.86782454449756,3.63436653299664,4.10128255599848,1,AIPW,all,672,4,27
3.82153852761887,3.51473571690789,4.16041351991882,2,auDRI,all,672,4,27
3.81801990861604,3.57151562871211,4.06452418851998,2,AIPW,all,672,4,27
3.83635558692583,3.59543880069264,4.07798285680753,3,auDRI,all,672,4,27
3.85091548901303,3.60737685047247,4.09445412755359,3,AIPW,all,672,4,27
11.4581909310375,7.92705693712445,14.6924368478328,1,auDRI,all,672,4,28
11.6252687546167,8.28054213421881,14.9699953750147,1,AIPW,all,672,4,28
11.9838271926319,8.02288066406676,15.5160476492975,2,auDRI,all,672,4,28
12.0142959598539,8.2295341316972,15.7990577880106,2,AIPW,all,672,4,28
11.5680984390823,8.10885657763869,14.7761316111165,3,auDRI,all,672,4,28
11.878976718278,8.60055439061842,15.1573990459377,3,AIPW,all,672,4,28
3.79152979206148,3.44092649850513,4.09615953270536,1,auDRI,all,672,4,29
3.76897338288337,3.44655439160463,4.09139237416212,1,AIPW,all,672,4,29
3.68967779748733,3.28847431461095,4.11884103712637,2,auDRI,all,672,4,29
3.70829077062462,3.32274312722,4.09383841402923,2,AIPW,all,672,4,29
3.75293650153409,3.41755519486175,4.07244424476018,3,auDRI,all,672,4,29
3.75772535149419,3.42910510680144,4.08634559618694,3,AIPW,all,672,4,29
4.33819641261244,4.02825758091437,4.61042251611363,1,auDRI,all,672,4,30
4.31705392975076,4.01620660582847,4.61790125367305,1,AIPW,all,672,4,30
4.37260134766121,4.02323873918459,4.7518884558433,2,auDRI,all,672,4,30
4.40430045883871,4.05560820712231,4.75299271055512,2,AIPW,all,672,4,30
4.34388731194271,4.05042965728764,4.62910831298299,3,auDRI,all,672,4,30
4.33381382561648,4.03234297397602,4.63528467725695,3,AIPW,all,672,4,30
4.42386273242727,4.1248198411771,4.71713753689346,1,auDRI,all,672,4,31
4.41229238544176,4.12733588123915,4.69724888964437,1,AIPW,all,672,4,31
4.44461414990206,4.08845550982177,4.79598683143283,2,auDRI,all,672,4,31
4.5068928835332,4.1628134540627,4.8509723130037,2,AIPW,all,672,4,31
4.44153159976125,4.16409592835976,4.69889003645121,3,auDRI,all,672,4,31
4.45718972301626,4.16794103754589,4.74643840848663,3,AIPW,all,672,4,31
4.0438949414027,3.84556932324107,4.24002264160739,1,auDRI,all,672,4,32
3.99077186098471,3.79571296496654,4.18583075700288,1,AIPW,all,672,4,32
4.03919907320759,3.85536353239244,4.24239641652653,2,auDRI,all,672,4,32
4.01867663065182,3.82692820001433,4.21042506128931,2,AIPW,all,672,4,32
4.03517581870963,3.84300525859957,4.23348997315766,3,auDRI,all,672,4,32
4.01347732956755,3.81085498161961,4.21609967751548,3,AIPW,all,672,4,32
4.20873063686103,3.86538438114251,4.54020276171356,1,auDRI,all,672,4,33
4.21800507295066,3.90072737462853,4.53528277127278,1,AIPW,all,672,4,33
4.1653483852549,3.74919985611966,4.57899083691223,2,auDRI,all,672,4,33
4.21705586476123,3.83912207700689,4.59498965251556,2,AIPW,all,672,4,33
4.20104119155674,3.88325906016756,4.52324225418763,3,auDRI,all,672,4,33
4.2007325472919,3.87593565602066,4.52552943856315,3,AIPW,all,672,4,33
7.33757419613033,4.1025683550945,10.2239596909034,1,auDRI,all,672,4,34
7.17761634454692,4.2383520780247,10.1168806110691,1,AIPW,all,672,4,34
7.5938562375999,4.24552834250717,10.6682568253353,2,auDRI,all,672,4,34
7.63652099917144,4.39669979956815,10.8763421987747,2,AIPW,all,672,4,34
7.3606695535826,4.52032551205197,9.91665218615783,3,auDRI,all,672,4,34
7.29865050047313,4.39272419424442,10.2045768067018,3,AIPW,all,672,4,34
3.70067552806177,3.18486682499943,4.20294612082633,1,auDRI,all,672,4,35
3.66584276552846,3.19381124499391,4.13787428606301,1,AIPW,all,672,4,35
3.71185944653427,3.1752173048726,4.26231625908117,2,auDRI,all,672,4,35
3.72038286073424,3.18419946902402,4.25656625244446,2,AIPW,all,672,4,35
3.71223724371788,3.22970472532755,4.15429406547523,3,auDRI,all,672,4,35
3.71843987719717,3.23547202824932,4.20140772614502,3,AIPW,all,672,4,35
4.81457172203479,4.36723003196324,5.26335972460549,1,auDRI,all,672,4,36
4.81369591409674,4.35794865097996,5.26944317721353,1,AIPW,all,672,4,36
4.7073512482773,4.1711754471943,5.19014567572627,2,auDRI,all,672,4,36
4.83407014801802,4.27435321863537,5.39378707740066,2,AIPW,all,672,4,36
4.85819272776625,4.40122877215028,5.30691387124776,3,auDRI,all,672,4,36
4.87976711340122,4.42119398881621,5.33834023798624,3,AIPW,all,672,4,36
3.23875001500943,2.39482940083148,3.96950652576357,1,auDRI,all,672,4,37
3.31707540753941,2.52822536288464,4.10592545219418,1,AIPW,all,672,4,37
3.13801860175849,2.26638632887527,4.00330833436999,2,auDRI,all,672,4,37
3.2451178113464,2.33247172926986,4.15776389342295,2,AIPW,all,672,4,37
3.35197773246987,2.62874454987401,4.11995364746992,3,auDRI,all,672,4,37
3.36529535942399,2.57528396730595,4.15530675154204,3,AIPW,all,672,4,37
4.25862215368172,3.96264656505973,4.53263482207098,1,auDRI,all,672,4,38
4.22686780681785,3.9514317032451,4.5023039103906,1,AIPW,all,672,4,38
4.19529649958223,3.88741206547688,4.51848023299553,2,auDRI,all,672,4,38
4.17707990048386,3.86949385805793,4.48466594290979,2,AIPW,all,672,4,38
4.21306419736105,3.92837273749562,4.52090757891055,3,auDRI,all,672,4,38
4.23090665008398,3.9456351747608,4.51617812540715,3,AIPW,all,672,4,38
5.94797369620808,5.25820777444796,6.68718382833748,1,auDRI,all,672,4,39
5.99783150394871,5.26816758633058,6.72749542156684,1,AIPW,all,672,4,39
6.15026216911812,5.29863348911144,6.96744437512661,2,auDRI,all,672,4,39
6.27705557868731,5.41403963587756,7.14007152149707,2,AIPW,all,672,4,39
6.06331545639337,5.3098020700266,6.73416905968849,3,auDRI,all,672,4,39
6.05440030290046,5.33048242254467,6.77831818325626,3,AIPW,all,672,4,39
4.16801967272476,3.81090688813482,4.50732980422693,1,auDRI,all,672,4,40
4.1711326990151,3.80251523377875,4.53975016425146,1,AIPW,all,672,4,40
4.25558119028767,3.80423052761368,4.65877966227717,2,auDRI,all,672,4,40
4.2933394949869,3.84496179383159,4.7417171961422,2,AIPW,all,672,4,40
4.19405405968629,3.84511797485924,4.544654093445,3,auDRI,all,672,4,40
4.1849184418316,3.81572734997809,4.55410953368512,3,AIPW,all,672,4,40
4.31882717838843,4.09429531777037,4.5376156298725,1,auDRI,all,672,4,41
4.28691346324402,4.06076000999084,4.51306691649719,1,AIPW,all,672,4,41
4.39404976185951,4.14677920210247,4.63514279730468,2,auDRI,all,672,4,41
4.40374938716113,4.15514223026638,4.65235654405589,2,AIPW,all,672,4,41
4.30448078561761,4.08445911628909,4.5356231363471,3,auDRI,all,672,4,41
4.28500651948421,4.05350218835846,4.51651085060996,3,AIPW,all,672,4,41
4.08497122678469,3.8914816887113,4.28447290816896,1,auDRI,all,672,4,42
4.08886683767725,3.89559533085878,4.28213834449572,1,AIPW,all,672,4,42
4.04855624644661,3.83124157466397,4.27536836958044,2,auDRI,all,672,4,42
4.04048063366095,3.83146585292012,4.24949541440178,2,AIPW,all,672,4,42
4.03205636262056,3.81593409367696,4.21928944738503,3,auDRI,all,672,4,42
4.05225195306391,3.85550844362658,4.24899546250123,3,AIPW,all,672,4,42
4.46299205380506,4.22047863227311,4.6862789683705,1,auDRI,all,672,4,43
4.46581685705783,4.22559282917209,4.70604088494358,1,AIPW,all,672,4,43
4.56149758249614,4.29891482666132,4.83077047415063,2,auDRI,all,672,4,43
4.57002988864903,4.29944568278946,4.84061409450859,2,AIPW,all,672,4,43
4.51615662790814,4.28758200758178,4.77320702490775,3,auDRI,all,672,4,43
4.52536818109056,4.28461405192427,4.76612231025686,3,AIPW,all,672,4,43
3.96345691179159,3.680719384471,4.23992809798523,1,auDRI,all,672,4,44
3.92162158503667,3.64395694886592,4.19928622120742,1,AIPW,all,672,4,44
3.95622945155888,3.62734104342407,4.24141178054553,2,auDRI,all,672,4,44
3.91041140082957,3.60352084032508,4.21730196133405,2,AIPW,all,672,4,44
3.92618359509548,3.67884025189618,4.19126766243764,3,auDRI,all,672,4,44
3.93190907334464,3.65502023485978,4.20879791182951,3,AIPW,all,672,4,44
3.45298059183373,3.08101087644818,3.87976769257119,1,auDRI,all,672,4,45
3.37110245076615,2.9649660903826,3.77723881114969,1,AIPW,all,672,4,45
3.31196166944658,2.85545181086301,3.72084574123242,2,auDRI,all,672,4,45
3.25934233148947,2.79573867901561,3.72294598396334,2,AIPW,all,672,4,45
3.33007285975784,2.91889526261119,3.75324551929467,3,auDRI,all,672,4,45
3.31177367478127,2.89255096848119,3.73099638108135,3,AIPW,all,672,4,45
4.91925398838058,4.54938606660218,5.29740030952461,1,auDRI,all,672,4,46
4.90332421612295,4.53163454022799,5.2750138920179,1,AIPW,all,672,4,46
4.94807501955152,4.49912004574705,5.3505543170141,2,auDRI,all,672,4,46
4.97293050122582,4.5376124628836,5.40824853956805,2,AIPW,all,672,4,46
4.86591822088655,4.49183962485506,5.25615595278187,3,auDRI,all,672,4,46
4.88267914947652,4.51025498233989,5.25510331661315,3,AIPW,all,672,4,46
4.94745980264678,4.49281567415088,5.41693632884485,1,auDRI,all,672,4,47
4.98756518187614,4.52716276422476,5.44796759952751,1,AIPW,all,672,4,47
5.12094540974641,4.53771511219951,5.66206807849121,2,auDRI,all,672,4,47
5.21386635680589,4.65065872536696,5.77707398824482,2,AIPW,all,672,4,47
5.00302231962093,4.55797411687653,5.45493823777677,3,auDRI,all,672,4,47
5.01456248390153,4.55250637737316,5.4766185904299,3,AIPW,all,672,4,47
3.75306865334049,3.47583956939905,4.02832763308934,1,auDRI,all,672,4,48
3.78322247675633,3.56608241934615,4.00036253416652,1,AIPW,all,672,4,48
3.74684232834463,3.42605914045949,4.06129269691134,2,auDRI,all,672,4,48
3.76702719865327,3.52618637769464,4.00786801961191,2,AIPW,all,672,4,48
3.75380949031405,3.50839877416582,3.98531211797385,3,auDRI,all,672,4,48
3.76747634419602,3.53029196068985,4.00466072770219,3,AIPW,all,672,4,48
4.47390186553186,4.08886655056655,4.82961040446424,1,auDRI,all,672,4,49
4.43285346176319,4.08047820093316,4.78522872259322,1,AIPW,all,672,4,49
4.40819999306784,3.99575074034145,4.7900366246987,2,auDRI,all,672,4,49
4.42473648535982,4.04035245152886,4.80912051919078,2,AIPW,all,672,4,49
4.44946498183215,4.09953512125426,4.80806752796043,3,auDRI,all,672,4,49
4.42652085055967,4.07603353749099,4.77700816362836,3,AIPW,all,672,4,49
3.91071097897108,3.63444123311546,4.18530738528252,1,auDRI,all,672,4,50
3.84253999236885,3.58772654194117,4.09735344279654,1,AIPW,all,672,4,50
3.79796748527156,3.48432975968859,4.12243218865173,2,auDRI,all,672,4,50
3.77051000353808,3.45964161104486,4.0813783960313,2,AIPW,all,672,4,50
3.82003942018212,3.56166585459548,4.07879505132306,3,auDRI,all,672,4,50
3.82543512004963,3.5622710990073,4.08859914109196,3,AIPW,all,672,4,50
4.41520554781495,4.17946722097088,4.65548220474028,1,auDRI,all,672,4,51
4.48085568489349,4.24429469153099,4.71741667825599,1,AIPW,all,672,4,51
4.44807581599595,4.15919556446768,4.72912498173785,2,auDRI,all,672,4,51
4.55181997919485,4.28036857266353,4.82327138572618,2,AIPW,all,672,4,51
4.48152563026628,4.2279868384689,4.71568431164371,3,auDRI,all,672,4,51
4.4584377694438,4.2134280489382,4.7034474899494,3,AIPW,all,672,4,51
4.07915854687976,3.72554315981138,4.41137783683612,1,auDRI,all,672,4,52
4.03980943738997,3.72015820644135,4.35946066833859,1,AIPW,all,672,4,52
4.04355406273396,3.65207404406167,4.42483526692899,2,auDRI,all,672,4,52
4.03624924086263,3.67504270344136,4.39745577828389,2,AIPW,all,672,4,52
4.05004780501643,3.72468545020167,4.37201528855916,3,auDRI,all,672,4,52
4.02902019602081,3.70670982034143,4.35133057170018,3,AIPW,all,672,4,52
6.05331733854522,5.01567247626255,7.08705099220512,1,auDRI,all,672,4,53
5.95753933531332,4.86484386088157,7.05023480974507,1,AIPW,all,672,4,53
6.10946850524161,4.90369474637982,7.24400076156497,2,auDRI,all,672,4,53
6.05563601921439,4.78715860842535,7.32411343000344,2,AIPW,all,672,4,53
6.05911738109397,4.9857793302051,7.09110280074899,3,auDRI,all,672,4,53
6.00660002999804,4.92780529508038,7.0853947649157,3,AIPW,all,672,4,53
4.34703956355275,3.80516173364655,4.88919333003339,1,auDRI,all,672,4,54
4.36521756189136,3.80605834495588,4.92437677882685,1,AIPW,all,672,4,54
4.38819500413239,3.68955968803992,5.06572620461211,2,auDRI,all,672,4,54
4.53825102998294,3.8415781746133,5.23492388535258,2,AIPW,all,672,4,54
4.31452173294318,3.75331100247199,4.89169510755552,3,auDRI,all,672,4,54
4.34933103499465,3.78991491284786,4.90874715714144,3,AIPW,all,672,4,54
3.74648182634012,3.49971883398577,3.9915493664885,1,auDRI,all,672,4,55
3.7002950349664,3.46595178680275,3.93463828313004,1,AIPW,all,672,4,55
3.69778288951472,3.41125569203199,3.9547014927747,2,auDRI,all,672,4,55
3.61848182711804,3.36732465248734,3.86963900174873,2,AIPW,all,672,4,55
3.64295961041724,3.41570619806515,3.86125132585816,3,auDRI,all,672,4,55
3.66118322986214,3.42015423352672,3.90221222619757,3,AIPW,all,672,4,55
3.90672454956447,3.71775345266678,4.10109742771881,1,auDRI,all,672,4,56
3.93937621473913,3.75110486803508,4.12764756144317,1,AIPW,all,672,4,56
3.94756426853953,3.74156459319035,4.15374736201406,2,auDRI,all,672,4,56
3.97308309293355,3.78155133624583,4.16461484962126,2,AIPW,all,672,4,56
3.95489198680461,3.77400087409048,4.13824429748829,3,auDRI,all,672,4,56
3.95308532368515,3.75703092729352,4.14913972007679,3,AIPW,all,672,4,56
4.20401993876707,3.99400079412634,4.42329113011706,1,auDRI,all,672,4,57
4.1671025060435,3.97533156516562,4.35887344692139,1,AIPW,all,672,4,57
4.22442302000976,3.98243734795553,4.45446841298268,2,auDRI,all,672,4,57
4.25215170273278,4.04016538115539,4.46413802431017,2,AIPW,all,672,4,57
4.2145146489199,4.01756685066911,4.41305822830859,3,auDRI,all,672,4,57
4.17783710245207,3.9769765486831,4.37869765622104,3,AIPW,all,672,4,57
4.30897572056414,3.96635883446698,4.62342252917822,1,auDRI,all,672,4,58
4.28014547618725,3.97027929304967,4.59001165932484,1,AIPW,all,672,4,58
4.35001926270117,3.96655603552527,4.7136607865394,2,auDRI,all,672,4,58
4.35869438407005,4.00717492723385,4.71021384090625,2,AIPW,all,672,4,58
4.30627567232768,3.99262703357106,4.6231287367052,3,auDRI,all,672,4,58
4.32060682494314,4.00474968075764,4.63646396912865,3,AIPW,all,672,4,58
4.12489959296772,3.91569175301022,4.36310803910601,1,auDRI,all,672,4,59
4.13674953534158,3.93607554063736,4.33742353004581,1,AIPW,all,672,4,59
4.32422831186524,4.0794298040415,4.5635018147964,2,auDRI,all,672,4,59
4.34333493000608,4.1098161483915,4.57685371162065,2,AIPW,all,672,4,59
4.20986935307274,3.99822470590806,4.42016935202877,3,auDRI,all,672,4,59
4.20448220189072,3.98653515680661,4.42242924697483,3,AIPW,all,672,4,59
3.77913139615968,2.91081039083223,4.69786656821685,1,auDRI,all,672,4,60
3.73242678909748,2.79011114631735,4.67474243187761,1,AIPW,all,672,4,60
3.73925497327383,2.60347222276747,4.80217922579067,2,auDRI,all,672,4,60
3.68883497937295,2.59420708252003,4.78346287622587,2,AIPW,all,672,4,60
3.77829146639422,2.83850165386334,4.67385416978607,3,auDRI,all,672,4,60
3.748454133018,2.80945812753487,4.68745013850114,3,AIPW,all,672,4,60
4.08574629417059,3.88151377463763,4.2870005967174,1,auDRI,all,672,4,61
4.11610747950442,3.92161250013179,4.31060245887705,1,AIPW,all,672,4,61
4.05674723067235,3.83397327468756,4.27245728310677,2,auDRI,all,672,4,61
4.10894153303906,3.90339313651311,4.31448992956501,2,AIPW,all,672,4,61
4.12149195546791,3.89469788694911,4.34677671852941,3,auDRI,all,672,4,61
4.12834416125617,3.91617154359793,4.34051677891442,3,AIPW,all,672,4,61
3.9707327771635,3.68860221952395,4.22778965391384,1,auDRI,all,672,4,62
3.98791861153412,3.73827272401311,4.23756449905513,1,AIPW,all,672,4,62
3.88962445997134,3.561613199837,4.1835688209517,2,auDRI,all,672,4,62
3.90378718000092,3.61004832873556,4.19752603126628,2,AIPW,all,672,4,62
3.98939378232864,3.73145610311787,4.24976653795592,3,auDRI,all,672,4,62
4.00179518534505,3.74053993733286,4.26305043335725,3,AIPW,all,672,4,62
4.40772274585438,4.11359053325224,4.70324461618141,1,auDRI,all,672,4,63
4.42755080334569,4.14883164975605,4.70626995693534,1,AIPW,all,672,4,63
4.46642128094187,4.13050020236121,4.78129029694172,2,auDRI,all,672,4,63
4.55933046241423,4.22455054541706,4.89411037941139,2,AIPW,all,672,4,63
4.51741579330664,4.23477920172597,4.81998831794881,3,auDRI,all,672,4,63
4.469169350062,4.19000256237473,4.74833613774928,3,AIPW,all,672,4,63
3.23217715820016,2.96592249674396,3.52580119776172,1,auDRI,all,672,4,64
3.21586059841336,2.94777716583183,3.48394403099489,1,AIPW,all,672,4,64
3.10255499014649,2.75682046694773,3.45655225487961,2,auDRI,all,672,4,64
3.03200060562032,2.72961918902284,3.3343820222178,2,AIPW,all,672,4,64
3.19235123883735,2.89822029513835,3.46692941307047,3,auDRI,all,672,4,64
3.22031131908395,2.94165693240146,3.49896570576644,3,AIPW,all,672,4,64
4.20888694844591,3.81444197967093,4.61358445389303,1,auDRI,all,672,4,65
4.15768412929413,3.77707980213138,4.53828845645688,1,AIPW,all,672,4,65
4.19263146377691,3.72112218773674,4.67370198244136,2,auDRI,all,672,4,65
4.19126456890231,3.72023735153097,4.66229178627366,2,AIPW,all,672,4,65
4.15225905166275,3.79550203591348,4.51250689850795,3,auDRI,all,672,4,65
4.13915638822111,3.75426024963337,4.52405252680885,3,AIPW,all,672,4,65
4.24214984590171,4.00445925932755,4.49181799896609,1,auDRI,all,672,4,66
4.28158710489926,4.055499042372,4.50767516742651,1,AIPW,all,672,4,66
4.26026570656144,4.01206672867042,4.50486365586812,2,auDRI,all,672,4,66
4.32722904894269,4.07008029557872,4.58437780230665,2,AIPW,all,672,4,66
4.29247933039877,4.03636291820205,4.52658391082721,3,auDRI,all,672,4,66
4.29719629755507,4.06704997649329,4.52734261861685,3,AIPW,all,672,4,66
4.11369297645155,3.88800310697966,4.33560137467537,1,auDRI,all,672,4,67
4.13600962655729,3.93537934467929,4.33663990843529,1,AIPW,all,672,4,67
4.09255984640659,3.83819315541259,4.34896471604619,2,auDRI,all,672,4,67
4.16616731564305,3.94233722574011,4.38999740554598,2,AIPW,all,672,4,67
4.14561519023174,3.94993686958473,4.33854722412354,3,auDRI,all,672,4,67
4.11930494475484,3.91806071463207,4.32054917487762,3,AIPW,all,672,4,67
9.26313759975742,7.36229135145298,11.0174877453318,1,auDRI,all,672,4,68
9.25231445104721,7.40589985379451,11.0987290482999,1,AIPW,all,672,4,68
9.54618938109493,7.41652588846936,11.5254975550305,2,auDRI,all,672,4,68
9.42917556754088,7.28295928845799,11.5753918466238,2,AIPW,all,672,4,68
9.36474645261891,7.53256643568902,11.0859790229504,3,auDRI,all,672,4,68
9.39856503283148,7.59035573935432,11.2067743263087,3,AIPW,all,672,4,68
3.75889118050223,3.52663203810228,3.98918475779597,1,auDRI,all,672,4,69
3.76276768641196,3.54267238387186,3.98286298895206,1,AIPW,all,672,4,69
3.70061074349635,3.44494781858971,3.9718939371326,2,auDRI,all,672,4,69
3.67390854929472,3.42233431364829,3.92548278494114,2,AIPW,all,672,4,69
3.71856105660354,3.48034978898727,3.9505009202225,3,auDRI,all,672,4,69
3.74617515896802,3.52738280922674,3.96496750870929,3,AIPW,all,672,4,69
4.06744270495771,3.84009450706947,4.29021490895808,1,auDRI,all,672,4,70
4.04186743053117,3.8530900491047,4.23064481195763,1,AIPW,all,672,4,70
4.06945255061648,3.84352867055013,4.30859956497036,2,auDRI,all,672,4,70
4.02669206401652,3.83928367472187,4.21410045331118,2,AIPW,all,672,4,70
4.04073833887477,3.84152432090006,4.23060518080573,3,auDRI,all,672,4,70
4.05687522614405,3.85758716831412,4.25616328397399,3,AIPW,all,672,4,70
6.07789879290197,5.44500089420081,6.74998764328154,1,auDRI,all,672,4,71
5.97757717130357,5.30641206049916,6.64874228210798,1,AIPW,all,672,4,71
6.20428354385274,5.4390569094129,6.89475681054669,2,auDRI,all,672,4,71
6.0640183831679,5.27130414977161,6.85673261656419,2,AIPW,all,672,4,71
6.02345436413443,5.41349599064413,6.65387765340475,3,auDRI,all,672,4,71
6.03267620453874,5.37440732719779,6.69094508187969,3,AIPW,all,672,4,71
4.08081018594158,3.80713362504019,4.32190518672904,1,auDRI,all,672,4,72
3.99499401114898,3.80459763778767,4.18539038451029,1,AIPW,all,672,4,72
4.03808401087005,3.77801196911575,4.26711502313923,2,auDRI,all,672,4,72
3.9846177275121,3.79122825077768,4.17800720424652,2,AIPW,all,672,4,72
4.01569501856969,3.82137792081142,4.21371578867502,3,auDRI,all,672,4,72
3.9959377495634,3.79461484933708,4.19726064978972,3,AIPW,all,672,4,72
3.64628633014975,3.37977589525318,3.93263840814434,1,auDRI,all,672,4,73
3.80678724089207,3.59895797831538,4.01461650346875,1,AIPW,all,672,4,73
3.62226421487179,3.34925825094689,3.92506001595153,2,auDRI,all,672,4,73
3.80402996762244,3.58919744868677,4.01886248655812,2,AIPW,all,672,4,73
3.78777122576324,3.56989874243385,4.00265128364555,3,auDRI,all,672,4,73
3.79479419181111,3.56821560469392,4.02137277892829,3,AIPW,all,672,4,73
3.91582948247277,3.68740260208949,4.13468891157125,1,auDRI,all,672,4,74
3.97781217740622,3.78313008607441,4.17249426873803,1,AIPW,all,672,4,74
3.93762251814522,3.68934130545204,4.1964344116198,2,auDRI,all,672,4,74
3.97666618018736,3.76993187619176,4.18340048418296,2,AIPW,all,672,4,74
3.99171122369102,3.78102962197833,4.18930836791439,3,auDRI,all,672,4,74
3.99887858881405,3.78458710651873,4.21317007110937,3,AIPW,all,672,4,74
3.97685239430417,3.74394410959211,4.18823411954854,1,auDRI,all,672,4,75
3.92755716718203,3.72287596529848,4.13223836906559,1,AIPW,all,672,4,75
3.97705131851939,3.74142322505106,4.18868569761734,2,auDRI,all,672,4,75
3.9690853596152,3.76831020513336,4.16986051409705,2,AIPW,all,672,4,75
3.97338539564145,3.77301552555084,4.16059385409469,3,auDRI,all,672,4,75
3.94193733292637,3.73410495597557,4.14976970987716,3,AIPW,all,672,4,75
5.3432520668758,4.7779956819186,5.87997771646532,1,auDRI,all,672,4,76
5.32109109327579,4.7748267845662,5.86735540198538,1,AIPW,all,672,4,76
5.45206407842128,4.83695709946659,6.07435420803278,2,auDRI,all,672,4,76
5.47870065859141,4.86578986052359,6.09161145665923,2,AIPW,all,672,4,76
5.31284348824829,4.75244882962148,5.83595808253326,3,auDRI,all,672,4,76
5.34131759433246,4.79462296762451,5.8880122210404,3,AIPW,all,672,4,76
4.01782589431729,3.82293364657502,4.23022554963292,1,auDRI,all,672,4,77
3.97729815681526,3.77899173700117,4.17560457662935,1,AIPW,all,672,4,77
4.06424087805047,3.86355585698434,4.28950142596325,2,auDRI,all,672,4,77
4.06165089025445,3.856065776941,4.2672360035679,2,AIPW,all,672,4,77
4.03903739876263,3.83965636001104,4.2430349181636,3,auDRI,all,672,4,77
4.02087985549349,3.8140020590928,4.22775765189417,3,AIPW,all,672,4,77
4.15533112311084,3.94437372801002,4.36462189405157,1,auDRI,all,672,4,78
4.17170755982845,3.97384619262522,4.36956892703169,1,AIPW,all,672,4,78
4.16224395057727,3.94447366372164,4.37370968848396,2,auDRI,all,672,4,78
4.17309653863564,3.97535552077842,4.37083755649286,2,AIPW,all,672,4,78
4.19392944991257,4.00294720914437,4.40140298286465,3,auDRI,all,672,4,78
4.2016612547282,3.99350102943013,4.40982148002626,3,AIPW,all,672,4,78
4.08424568554942,3.83712337377517,4.32470714471741,1,auDRI,all,672,4,79
4.12562647272176,3.92258086512536,4.32867208031815,1,AIPW,all,672,4,79
4.14649730529408,3.89388816086443,4.40837287564027,2,auDRI,all,672,4,79
4.2363598389443,4.01392856438643,4.45879111350216,2,AIPW,all,672,4,79
4.182419920785,3.96744766682264,4.40476225064616,3,auDRI,all,672,4,79
4.15776792132272,3.94418052561875,4.37135531702669,3,AIPW,all,672,4,79
4.11889375535153,3.90041638909948,4.33869198809319,1,auDRI,all,672,4,80
4.12912689646267,3.93229159120623,4.32596220171911,1,AIPW,all,672,4,80
4.09972973473951,3.86802594795393,4.32385417556408,2,auDRI,all,672,4,80
4.09069783694276,3.8858795259253,4.29551614796022,2,AIPW,all,672,4,80
4.10504125001754,3.90468480128857,4.29493944958484,3,auDRI,all,672,4,80
4.12358895801863,3.91699161156151,4.33018630447575,3,AIPW,all,672,4,80
9.8632934311407,8.02181819007452,11.6078262447102,1,auDRI,all,672,4,81
9.7589064090145,7.85608563479046,11.6617271832385,1,AIPW,all,672,4,81
10.0607895913005,7.86486944702623,12.0911580393721,2,auDRI,all,672,4,81
9.93627836227726,7.75862964852491,12.1139270760296,2,AIPW,all,672,4,81
9.9763224401629,8.1183342051518,11.8051438528372,3,auDRI,all,672,4,81
9.98149288839382,8.11101266610453,11.8519731106831,3,AIPW,all,672,4,81
2.82711444626722,1.88123651129294,3.68944377201882,1,auDRI,all,672,4,82
2.80447092474207,1.92538434058158,3.68355750890255,1,AIPW,all,672,4,82
2.76619573040501,1.78908485423457,3.77093067298999,2,auDRI,all,672,4,82
2.72152598756796,1.72668680905541,3.71636516608051,2,AIPW,all,672,4,82
2.83225990139278,1.91584495824603,3.723980367118,3,auDRI,all,672,4,82
2.80695572942058,1.92723157686353,3.68667988197764,3,AIPW,all,672,4,82
3.98018896743966,3.60579329074673,4.3860426588067,1,auDRI,all,672,4,83
3.97650480797745,3.60324298594755,4.34976663000736,1,AIPW,all,672,4,83
4.02164395458233,3.57639909912267,4.455500757003,2,auDRI,all,672,4,83
4.01923821936902,3.58214951420734,4.45632692453071,2,AIPW,all,672,4,83
3.99325663799381,3.62351573855365,4.34922801867342,3,auDRI,all,672,4,83
4.0000254975269,3.62291397306427,4.37713702198954,3,AIPW,all,672,4,83
2.66238321183493,1.49520671391757,3.74402704550077,1,auDRI,all,672,4,84
2.71856606302911,1.58708431716178,3.85004780889643,1,AIPW,all,672,4,84
2.44628669901213,1.12062617436925,3.54966921239014,2,auDRI,all,672,4,84
2.48773059575212,1.22281232811306,3.75264886339119,2,AIPW,all,672,4,84
2.71856141692054,1.61296326200733,3.82307116378692,3,auDRI,all,672,4,84
2.70040971946574,1.5603777740534,3.84044166487808,3,AIPW,all,672,4,84
-0.660695710956188,-2.41347589582053,1.09780257761082,1,auDRI,all,672,4,85
-0.783339731382734,-2.59939714646054,1.03271768369507,1,AIPW,all,672,4,85
-0.767689323191747,-2.75427101607609,0.961905953549964,2,auDRI,all,672,4,85
-1.0669873429222,-3.07301644796315,0.93904176211875,2,AIPW,all,672,4,85
-0.853187413873379,-2.77135860250442,0.860977885444704,3,auDRI,all,672,4,85
-0.865760596856757,-2.72002848185417,0.988507288140659,3,AIPW,all,672,4,85
6.6221475307914,5.15310730080922,8.02818462587535,1,auDRI,all,672,4,86
6.65384237654211,5.2679335379701,8.03975121511412,1,AIPW,all,672,4,86
6.67927204728578,5.12264334391814,8.17157711138028,2,auDRI,all,672,4,86
6.75225874250848,5.19617182253072,8.30834566248623,2,AIPW,all,672,4,86
6.63239513531982,5.27682417179261,8.12837964025835,3,auDRI,all,672,4,86
6.69800985922061,5.32233507095008,8.07368464749114,3,AIPW,all,672,4,86
4.85926421369615,4.5541627249494,5.18545469513231,1,auDRI,all,672,4,87
4.87869386589982,4.58764943780274,5.16973829399689,1,AIPW,all,672,4,87
4.98286654596184,4.66782217570349,5.32241514576123,2,auDRI,all,672,4,87
5.03967092264765,4.71323024285415,5.36611160244115,2,AIPW,all,672,4,87
4.97269974489853,4.67475631996254,5.24866673212497,3,auDRI,all,672,4,87
4.95294901166485,4.66437941542964,5.24151860790006,3,AIPW,all,672,4,87
3.86466959354106,3.60698475609337,4.12700876123299,1,auDRI,all,672,4,88
3.86854142152246,3.67087330177801,4.0662095412669,1,AIPW,all,672,4,88
3.84404444755042,3.58535843881876,4.09177094899437,2,auDRI,all,672,4,88
3.86200079811335,3.67085423899981,4.0531473572269,2,AIPW,all,672,4,88
3.86659021990825,3.68046102548833,4.06189437835184,3,auDRI,all,672,4,88
3.86323088818434,3.65661586033078,4.0698459160379,3,AIPW,all,672,4,88
3.85552457656226,3.5353796384118,4.17456297018434,1,auDRI,all,672,4,89
3.91516651102498,3.60890376797746,4.22142925407251,1,AIPW,all,672,4,89
3.79591153570991,3.39211097157478,4.1937327973087,2,auDRI,all,672,4,89
3.86483347697952,3.50203573649954,4.22763121745949,2,AIPW,all,672,4,89
3.94889611366985,3.61280390168372,4.24429727329777,3,auDRI,all,672,4,89
3.93689914184844,3.62569218055465,4.24810610314223,3,AIPW,all,672,4,89
4.09588639910017,3.80101871557047,4.36734009253357,1,auDRI,all,672,4,90
3.99437425935016,3.74405455013079,4.24469396856952,1,AIPW,all,672,4,90
4.07606881524358,3.78474771312,4.38703050750236,2,auDRI,all,672,4,90
3.96355965621482,3.69325962637715,4.23385968605248,2,AIPW,all,672,4,90
3.96866177975305,3.74786388129182,4.22237064542152,3,auDRI,all,672,4,90
3.9653254763095,3.70909674075633,4.22155421186268,3,AIPW,all,672,4,90
3.60576356007652,3.39031742251956,3.83575653668737,1,auDRI,all,672,4,91
3.61118786134696,3.42178384188393,3.80059188080999,1,AIPW,all,672,4,91
3.60392568708002,3.36061060883392,3.83329933150905,2,auDRI,all,672,4,91
3.59691733163376,3.40101488378286,3.79281977948467,2,AIPW,all,672,4,91
3.60848670497649,3.40531258951746,3.80544587168018,3,auDRI,all,672,4,91
3.61895900230982,3.41502740878413,3.82289059583551,3,AIPW,all,672,4,91
3.43478893483079,3.09906608549534,3.76022290985048,1,auDRI,all,672,4,92
3.46581923661789,3.1287145335002,3.80292393973558,1,AIPW,all,672,4,92
3.34950807218446,2.95881404774355,3.69776439593245,2,auDRI,all,672,4,92
3.37707904713539,3.00004393046265,3.75411416380813,2,AIPW,all,672,4,92
3.38689760073944,3.06394776388661,3.72510273343572,3,auDRI,all,672,4,92
3.42529482351074,3.08016056010936,3.77042908691212,3,AIPW,all,672,4,92
8.60596390980633,7.35555399431867,9.80507828854933,1,auDRI,all,672,4,93
8.56724791051295,7.25782311560186,9.87667270542405,1,AIPW,all,672,4,93
8.677645849145,7.19366909864071,10.1367504950468,2,auDRI,all,672,4,93
8.73325809307742,7.17752044933715,10.2889957368177,2,AIPW,all,672,4,93
8.58501400758036,7.3023892424224,9.77192712174295,3,auDRI,all,672,4,93
8.63468483565514,7.34535771855056,9.92401195275973,3,AIPW,all,672,4,93
4.29150162101316,4.07347727375497,4.51276715574311,1,auDRI,all,672,4,94
4.23509604216578,4.03551515108723,4.43467693324434,1,AIPW,all,672,4,94
4.36397393441953,4.1231748430841,4.60012100528738,2,auDRI,all,672,4,94
4.30926821158877,4.08751733427016,4.53101908890738,2,AIPW,all,672,4,94
4.23311931375374,4.01527052701452,4.45801701733667,3,auDRI,all,672,4,94
4.2582498292497,4.04801299204963,4.46848666644977,3,AIPW,all,672,4,94
4.03227897301361,3.73446662626283,4.28303183319551,1,auDRI,all,672,4,95
3.97355072374365,3.73128454846531,4.21581689902199,1,AIPW,all,672,4,95
4.01938890140198,3.7295949063448,4.27751718752306,2,auDRI,all,672,4,95
3.94212875199135,3.67522216327705,4.20903534070565,2,AIPW,all,672,4,95
3.9714268283328,3.7295206359496,4.23211917105098,3,auDRI,all,672,4,95
3.96906704026807,3.72226304327752,4.21587103725862,3,AIPW,all,672,4,95
4.11530640437661,3.84647183095615,4.35908278363491,1,auDRI,all,672,4,96
4.13632554722051,3.88647440512104,4.38617668931997,1,AIPW,all,672,4,96
4.18883623396889,3.87777599807068,4.50900007500491,2,auDRI,all,672,4,96
4.21589204390577,3.92442651824741,4.50735756956413,2,AIPW,all,672,4,96
4.14200494759344,3.90216884292474,4.39440993154343,3,auDRI,all,672,4,96
4.12423145224955,3.87119803325452,4.37726487124458,3,AIPW,all,672,4,96
4.44530236035778,4.17494789635781,4.70981325313796,1,auDRI,all,672,4,97
4.43523418165646,4.17264186838331,4.69782649492962,1,AIPW,all,672,4,97
4.46831705510298,4.15968687323532,4.77907309292673,2,auDRI,all,672,4,97
4.48808222441141,4.18904632793191,4.78711812089091,2,AIPW,all,672,4,97
4.44776566143524,4.18713608493424,4.71333641429631,3,auDRI,all,672,4,97
4.44030644257898,4.16878101930361,4.71183186585435,3,AIPW,all,672,4,97
7.0361391417567,6.00997484140364,8.05031719477818,1,auDRI,all,672,4,98
7.08187650457523,6.09249853343891,8.07125447571154,1,AIPW,all,672,4,98
7.32367573837722,6.2356923899346,8.4763508771584,2,auDRI,all,672,4,98
7.43968216102598,6.29026641841928,8.58909790363269,2,AIPW,all,672,4,98
7.05999219085291,6.09301128387394,8.0256567020393,3,auDRI,all,672,4,98
7.12909941597904,6.1425800095501,8.11561882240799,3,AIPW,all,672,4,98
4.04210300547652,3.62189576301795,4.43418358051532,1,auDRI,all,672,4,99
4.05837266595075,3.67251471186848,4.44423062003303,1,AIPW,all,672,4,99
4.07616567113207,3.64055060252886,4.52398135963702,2,auDRI,all,672,4,99
4.10336800171831,3.67861264432423,4.52812335911239,2,AIPW,all,672,4,99
4.10451975819852,3.69895665857048,4.46509837861032,3,auDRI,all,672,4,99
4.08824007448553,3.69436786063394,4.48211228833711,3,AIPW,all,672,4,99
3.91838707972638,3.60199713534292,4.21780107442234,1,auDRI,all,672,4,100
3.91442226791735,3.63314995614852,4.19569457968618,1,AIPW,all,672,4,100
3.76476143870964,3.44305870294635,4.07336942568813,2,auDRI,all,672,4,100
3.79638112059911,3.48475947874103,4.10800276245719,2,AIPW,all,672,4,100
3.91496180087164,3.61998180608448,4.18057137635435,3,auDRI,all,672,4,100
3.91760264491055,3.63027496781647,4.20493032200462,3,AIPW,all,672,4,100
