sample_id,z,y
3372646,0,-42.80847372757014
2522771,0,-42.551196895567536
732740,1,-46.29751428350708
1760388,1,-45.96637228613359
2063857,1,-31.948921467772845
548319,1,-45.97009098012708
2699709,1,-55.245574267543475
3934722,1,-45.784971396474724
2282160,1,-44.92999666051673
1408684,1,-46.187826135685604
249382,1,-45.74975166766441
1205403,1,-46.384985665061954
2729899,0,-42.123996795103835
744372,0,-42.01322712291767
2114093,0,-42.55430012732086
2845503,0,-41.97788908398779
1757866,0,-42.82081750526768
1241410,1,-45.73639231357719
1739936,0,-42.689396754394
2864443,1,-45.18898856813935
964223,0,-42.9711084474645
1681179,1,-40.16968734173681
2970864,1,-46.43007258310417
2662083,1,-45.53100813123211
2748946,0,-42.647712761341865
1508381,1,-46.05877384115233
1316782,1,-46.51218502552625
1193463,0,-43.803564641354846
3878216,0,-43.05714966990664
3538567,1,-45.56083987364233
629734,1,-46.09342493542631
971645,1,-46.37030954763019
1312860,0,-42.80503484101707
3958184,1,-45.87966463644152
3854321,1,-46.39476979599266
3921940,1,-45.38280886758303
1849850,0,-43.04216803144839
3481025,0,-42.66400528773427
3251121,1,-45.47719258515649
3323236,1,-46.39287461207449
3762547,0,-42.52289676366231
3463306,1,-40.53525883974371
1542570,1,-30.90997138076363
1015256,0,-42.55435708448546
3543437,1,-45.409986538128244
437204,0,-42.8215653881255
2218266,1,-45.73502431810981
960789,0,-42.46588020527361
1102804,0,-43.189528988889016
3385208,1,-45.41308587861888
3842651,1,-45.869419898064585
1551245,0,-38.29754726169127
848833,0,-43.33220205183191
3286955,0,-43.1204321252262
3225196,0,-42.94713371914893
1945490,1,-40.11662972091481
232421,1,-47.06584142431416
3906729,0,-42.83081606570976
2781979,1,-45.776790882572655
1856223,0,-42.51399534735583
1906721,1,-45.65380099086333
1781837,0,-43.48016986912232
734890,1,-46.22722546618548
1218958,1,-45.63898537984654
1734702,1,-45.12299400463201
3240261,1,-45.77571708489229
3388967,0,-42.983238999080314
3759704,1,-41.87305293783022
323886,0,-42.424108591253336
498892,0,-43.18371834106678
3422588,0,-42.55019002874354
1765220,1,-45.363260590685954
2785995,1,-45.862475147753834
1119507,0,-43.40871730356832
3775893,1,-45.991701918750614
969181,0,-43.104018805427124
700722,0,-44.052150036862585
2612470,1,-45.64687578589942
954118,1,-45.87460498590308
2216318,1,-45.85931012660384
1020624,0,-42.93119944713544
1955544,1,-40.220758525900635
2938402,0,-42.60236163753854
2015563,0,-42.97248816760185
3687311,1,-45.36996544831799
3321727,0,-43.34144446361378
975328,0,-43.06609456394724
346670,1,-46.44790560785999
1684289,1,-54.641227916916904
2436581,1,-45.70197524948071
1736532,1,-45.56464780859438
3002205,0,-42.48904314829086
3761662,1,-46.7134373258538
494058,1,-45.54072905696406
3074602,0,-42.797565856230754
1896637,0,-42.51780087649949
2105424,0,-42.94507583449319
2486654,1,-45.792661320080036
894266,1,-45.67924649816816
828148,0,-43.261509796276485
3262281,1,-46.01979717981432
2129437,1,-45.80133064298577
3394596,1,-46.01259536246924
1142613,0,-43.00718615986353
1986863,1,-39.791631402008626
2270538,1,-46.0170169481274
860985,0,-42.23611721289204
969519,0,-42.09821485614374
195024,0,-42.948200190705755
1514945,0,-43.39619889693173
3264786,0,-41.70968501198756
2463717,0,-42.19919701860479
933628,1,-46.00388604891262
2694864,1,-46.06333939873273
2613453,1,-45.67013908239487
3700209,1,-45.64716325008529
2741432,1,-45.713729916451655
809573,0,-42.910773045467224
1282964,0,-42.42222885224022
1664206,1,-40.241493371503616
1300573,1,-45.1151949155675
1991316,0,-42.14203297877963
1065771,1,-45.828457470406605
2206416,0,-42.869787721085416
2900121,0,-42.47762228522805
3709961,0,-42.594606078042084
1756483,0,-42.17538111902442
3454320,1,-45.79031426611366
694059,1,-46.1141356436121
3027450,0,-43.139881806921665
494082,1,-44.88519580502625
425897,1,-46.491705409309695
945074,0,-43.0882243957692
986355,1,-45.97455333678105
937635,0,-43.28104725158001
585836,1,-45.89991467433691
2109622,1,-45.740383234772814
3185009,1,-45.35094974124829
3381766,1,-46.220101569530904
2050194,0,-42.60298554686826
3490437,1,-45.32339499111745
3654449,0,-43.03608141342562
1955723,1,-39.97350101951816
1960150,0,-46.4424912189976
873222,0,-42.3766542669837
538951,1,-45.54255381543573
2993624,1,-46.34168775267951
2961715,1,-45.46444055043713
1395599,0,-42.119251108960526
1093068,0,-43.16035004768442
688391,0,-42.736237423571524
909543,0,-43.01933061989693
1732672,0,-43.264328622024905
3804222,1,-45.09645350399404
1632311,1,-45.94518867233718
1269514,0,-42.57799904702599
2182410,0,-43.06855979770775
659614,0,-42.66876750820013
390777,1,-46.02740524851561
2175001,0,-43.294657418467686
473337,1,-45.890904274956185
3872969,0,-42.745223738415625
3329670,0,-42.632017149209425
1697872,1,-35.158203097886684
303836,0,-42.681715274808234
3701718,1,-45.816152020600825
429567,0,-42.42059326156512
2902764,1,-45.697638620866734
3802948,1,-45.54930868909815
1038066,0,-43.546105381421675
543336,1,-54.55851417280454
3068309,1,-45.836603573029116
2211155,1,-45.35043974365845
2741164,0,-42.48950534896407
1196228,0,-43.19071660317303
2217677,0,-42.959649226327265
3721241,0,-42.721361407664624
1914350,1,-44.44634518886481
1686379,1,-39.79379996530625
2534969,1,-46.80143735866895
3890063,0,-42.3715829582544
3373339,1,-45.51274155571623
3148033,1,-41.45791109074866
2000548,1,-46.30855695103238
3048526,1,-45.5230594128602
1750170,1,-45.29345804616614
1346765,1,-46.213417235906746
1988528,1,-45.81898887698871
1825980,0,-43.00523210333748
1937224,1,-39.56652330910441
3889822,1,-45.0691064810146
2052643,0,-43.10578138075955
1847921,0,-43.40967316893846
3475759,1,-45.84751788196734
3261637,0,-42.26969947881966
2970039,1,-45.81544559863772
3933409,1,-37.49133512637175
202418,1,-45.82771908724172
2481026,1,-46.40053491248839
1388206,0,-42.225397743621116
3175356,0,-43.30326764908055
429897,1,-45.61404268236322
3490866,1,-43.44133865545367
1200074,1,-45.75859899062002
3331325,0,-42.49911593725918
995277,0,-43.12149836334379
246516,0,-42.36091116167525
2001966,0,-43.25033199264148
231624,1,-45.969399726210355
3233011,1,-45.71912052139914
3800673,0,-42.846803236554834
3799806,1,-45.98739223066504
2671713,1,-45.47525286790207
2019299,1,-45.909357280664324
3938418,0,-42.92704583092351
3131287,1,-46.19537276061682
2055511,0,-42.69701558402517
1220127,0,-42.7677053164847
543589,1,-45.96516904610989
1524034,1,-45.60791119644203
1367258,1,-46.11230186278141
250288,0,-43.02377459611136
2987425,0,-42.51681968202362
1241629,0,-42.42718409436847
3500506,1,-46.221511890171406
324068,1,-45.51833511644389
2882875,1,-45.31249408962948
2028320,0,-42.89558788475742
276778,0,-43.03079737970708
1473990,0,-42.81355994400563
2180486,0,-38.77190038135738
2263210,0,-43.02224140760177
847161,0,-42.670764451463455
1024628,0,-42.18869071323924
1564382,0,-42.45320810967434
2939456,1,-45.866647318246784
379590,0,-42.3206409355416
2271474,1,-45.550526353037554
2669779,1,-45.54740290257137
432118,0,-42.2641445840697
315563,0,-42.70037394897351
3516439,0,-42.85292131097057
3664993,0,-42.595058559808756
3782205,0,-42.846679164374486
3496815,0,-43.56970775701495
3667092,0,-42.16540210765055
1978138,0,-36.645314052667494
2043968,1,-46.04419233340965
2614586,1,-46.33943853470569
2477180,0,-42.597205572822325
470087,0,-42.6026347723742
653042,1,-44.99459796962568
311451,0,-42.860640451323086
3534921,1,-45.94758971341691
718029,0,-42.807710554158874
2578263,1,-45.480112065871815
1746560,0,-42.40134752004276
3028365,1,-45.184227100181914
915841,0,-42.76818137056894
332619,0,-42.562049188962554
705917,1,-45.21663133867254
3222394,1,-45.9019076322906
313725,0,-42.93731561708661
2560117,1,-45.43640230077019
2665356,0,-42.8907196846864
883226,1,-46.100025338573225
1083715,0,-42.517154916033356
2928389,0,-50.64467508613839
3457426,1,-45.916012671736055
3006680,0,-43.206350786804094
890580,0,-42.21439026199661
1199244,1,-46.00780108395274
1549558,0,-42.03345628218133
2014279,1,-45.52375095348197
3939072,0,-42.806712755363826
3926784,0,-42.51773717981513
635963,1,-45.37697114979042
309067,0,-42.53843269297428
1137914,0,-42.45277527466035
1397862,0,-46.66883327714276
1716059,1,-39.64850345957216
2110106,0,-41.91913022640918
2833334,0,-42.4107126654854
3059477,0,-42.34205751136616
693366,1,-45.404790765174845
3892445,1,-46.477404365800844
2552319,0,-43.01718364246442
2551783,1,-44.990676728280405
3247007,1,-46.044085354915836
1985993,1,-39.66559630587024
3306122,1,-46.4639021157698
1986171,0,-35.82049653612556
370960,1,-45.56281834594521
3104895,1,-45.650510544111995
1259780,0,-38.00709378045593
457957,0,-43.3818469175699
1123519,0,-27.639229041718828
1593348,0,-42.40444867105228
1560979,1,-46.06426601526323
930199,0,-42.74220284514934
580047,0,-42.831239975551995
2875850,0,-42.225035262154044
2225337,0,-42.43494353707518
1302168,0,-42.77309705273638
1305060,1,-45.84873676031116
2738006,1,-45.95899689306916
1279611,1,-45.41096878261356
303399,1,-46.25244490507578
2488086,0,-43.269655985026354
3104296,0,-42.15885922204598
1979808,1,-39.52604434138777
3187220,0,-43.02563880617376
1373492,0,-43.26434194925617
3254859,1,-45.66502029993301
1423492,0,-42.555373553318226
2637585,0,-42.8644035402819
1260565,1,-45.09766140854003
351140,1,-45.297733191505465
1975209,1,-39.81583361259886
2041527,1,-45.438951204539876
3459922,0,-43.03513378058589
1422052,1,-45.465120396179564
2652972,0,-42.37715724687977
1252311,0,-43.05155642336069
653854,0,-42.846296207606215
347074,0,-42.82171142090606
3309676,1,-45.089203575367414
447081,0,-43.02088759474997
1218870,1,-45.831737096998125
1415650,0,-42.55436637595772
2583455,1,-46.18274553348567
968885,1,-46.01493868141172
3286713,1,-46.06451592905331
853228,1,-44.97916649036031
880158,1,-45.439111606014194
3957488,1,-45.73284833918475
1961002,1,-39.425537726894326
682008,1,-45.76061504955094
3511615,0,-42.353302914636586
2034917,1,-45.729807058418366
3335689,0,-42.38724403996127
2493012,1,-45.77717432924914
1247765,1,-45.85252034948506
2164818,0,-42.88354186647592
841247,0,-43.5740549261788
3490847,1,-45.83288247512009
3776886,1,-46.28402726596604
984062,1,-45.736575384937986
453171,1,-46.384826986854605
1577207,1,-45.13128325961425
2135177,0,-42.524452165497834
1240118,0,-42.638838178079354
1751553,0,-42.91712579047297
641943,0,-42.997473356610875
1505203,1,-45.88266922842373
2879306,1,-45.593119782196275
2474810,0,-42.41114599994788
583519,1,-45.37614324479869
2273107,1,-46.23032254684048
539984,1,-46.00859884186116
3880449,1,-45.81038962523835
3133336,1,-45.602986747611425
3500834,0,-42.96784813936165
3766361,0,-42.77151630072431
3497813,0,-43.50610653600525
1543509,0,-43.171729743555396
1538200,1,-55.293150608809846
3452350,0,-42.49908438325969
343131,0,-43.0749653318756
2245855,0,-43.56884300440342
3756046,1,-45.04588223820922
901309,1,-46.36316713856685
2407258,0,-42.64639780916193
3067244,0,-36.88626048055262
911588,1,-45.601583501018524
843641,0,-42.72149920933385
400224,1,-46.05404654049704
924558,1,-45.883004324222895
1139210,0,-42.9658996103442
508050,0,-42.25984632035133
2122322,1,-54.93878059632838
3782292,1,-45.658497632238436
3952581,1,-41.209348382389095
2424093,0,-43.15260032710765
1847196,0,-42.34032317332941
972157,1,-45.03041666660373
3071713,0,-42.26738711472037
1353465,1,-46.49344320453959
2805252,0,-42.53735148039132
1374895,0,-42.485861018409956
1873482,0,-42.58519334698573
3863073,0,-42.79283668472221
1972264,0,-35.08354189246297
2993871,0,-43.04457084467432
3908516,1,-46.21238803595346
1073471,0,-42.913643801962195
2696568,0,-42.435595096228404
1218495,1,-46.13702095493103
2108687,0,-42.80433302770214
501032,0,-43.3713911633469
3007535,0,-41.57667580960721
3853502,0,-43.437484260806976
2798772,1,-45.62046681561789
1324816,0,-43.07939591220615
1229348,1,-45.294545590582125
3193148,0,-42.24538306103911
3683472,1,-46.10354053762244
899534,1,-45.55730226776055
2796348,0,-42.65372523651237
2808454,1,-45.51791761489792
3283196,1,-46.07710755067308
1272824,0,-42.708640192629
3480984,1,-45.73729885641502
852538,0,-42.90351425295086
3054665,0,-43.12255939271908
1726005,1,-45.60973697447747
645787,0,-43.16017264140958
1595765,1,-45.73692903107268
214750,1,-45.443719386653605
3360177,0,-42.69503230421271
2915924,0,-42.39344108060834
816889,1,-56.82673283459166
441443,1,-45.22854125133332
2612432,0,-43.10280753065218
2014298,0,-42.95876823444089
1703034,1,-39.79679689360837
274801,0,-42.85268785036276
2550568,0,-43.261760055659096
3100578,1,-45.74001038287189
3697254,0,-42.99864203880045
3001510,1,-46.15771652504152
3135298,0,-42.62841620481201
1344835,0,-41.836720321952434
2266623,1,-46.00241190134886
1588136,1,-45.310708069270305
3919301,1,-45.50473899545391
3112030,0,-42.419675249712235
498982,1,-45.48546615054548
2977996,1,-45.961232154963646
3111999,0,-42.655723574092406
3777339,1,-45.81066450484339
2416749,0,-43.23764478423615
3260772,1,-45.36594185165981
2444519,0,-42.87202609357129
3482397,1,-46.11987677728666
1786059,1,-45.92899365192641
2116760,0,-42.65007133886523
3734115,1,-46.622818933975246
3213790,1,-45.453292198180364
3424485,1,-45.5991847262847
318085,0,-42.65191487261397
286483,1,-46.00206510553401
2692532,0,-43.248752000136214
3192657,1,-45.94506412582979
1270757,1,-45.96145545572556
2039515,0,-42.836575322919415
1750149,0,-42.4576163215645
650055,0,-42.37930448379303
2143302,0,-42.96308290293166
1996929,0,-42.48918774561643
987939,0,-42.514391125200056
1222573,0,-42.74621125831375
472848,0,-43.02289945983319
222720,1,-45.68508643924986
1547754,0,-42.59236395383238
1279370,0,-42.8233279786135
1640820,1,-45.89620018297993
2491670,0,-51.26186178633593
3871207,0,-42.83341488973293
1302644,1,-46.054127290957595
3400858,0,-37.58109928940282
1378835,0,-43.03156671607578
2168160,1,-46.314412305487465
730474,1,-45.931668327176254
313774,0,-42.51492440341722
1981503,1,-35.78254121147031
1792060,1,-45.30079323138799
2966705,1,-45.492071343124216
1502132,0,-43.30869513057117
3481011,1,-45.210650560679596
3787621,1,-45.94097307443805
2681914,0,-42.57166884246134
800161,0,-42.89111479537904
3252959,0,-42.497149556522075
1894179,0,-42.65845621104804
2702051,1,-45.54169292861626
2758547,0,-42.364569772347664
1698393,1,-39.62195455999379
2566687,1,-45.54646417610139
1235747,0,-42.329847826033216
756350,0,-42.41206292543162
2992212,0,-42.717967301654454
438528,1,-46.13995608539721
1959840,1,-40.18798690319487
2733748,0,-43.427792937371166
2757236,1,-45.75094890692452
3345632,0,-42.04583080283381
3051733,1,-45.37736712627195
2857513,1,-44.87391587873234
3269156,0,-42.57194232313452
2540192,0,-42.81877287489143
748596,0,-42.583609213060974
457364,1,-54.63592497087435
3876386,0,-42.57802508237954
1825194,1,-45.397441695659744
3050337,1,-46.28676397941384
882549,0,-42.774885032952454
1464306,0,-43.65479537915612
1326680,1,-45.94583912762491
3262514,0,-43.3037177217006
2815782,0,-43.41627202444302
2472344,1,-41.60144809970211
732327,0,-42.81404787892058
2191295,1,-45.57312441706485
1464687,1,-45.72079699334759
3874199,0,-42.7467761473147
2662316,1,-45.50981972930416
2153583,0,-42.98301597332645
1547246,1,-45.59518907931894
436574,1,-46.21991539251346
2010570,1,-45.087980652686404
1034348,1,-45.91737594828357
3304635,1,-45.1785737290552
2694726,0,-28.1364728509917
687330,0,-42.62891276104423
1306864,1,-45.855011556886055
2181210,0,-42.89964791374419
2212868,1,-46.23189312275032
3114227,1,-45.998582653964704
3933808,1,-45.80849842334959
1975422,0,-36.86453555802851
1817456,0,-42.744802634461024
1905276,1,-45.22994331746896
421300,0,-42.81885938310442
1989743,0,-43.15154386789952
2906522,0,-42.75107635576906
1326074,0,-42.43452641963712
1573889,0,-43.371702573749985
3302258,0,-43.1970596306618
1303783,0,-42.44423416582698
1933865,1,-39.95718056138267
2760510,1,-45.79428898493958
995780,0,-42.21022946771465
1330459,0,-42.53802272707116
2818579,1,-45.166601803944815
2064362,0,-42.42862949515378
2852279,0,-42.91745035492319
2426308,0,-42.61926580518043
2918022,1,-46.03769991777881
3427149,1,-45.44147723555437
3311107,1,-45.76768112215134
1677855,0,-37.33450864851961
567992,0,-42.54460167539624
324277,1,-45.82319261343175
2206825,1,-45.46901593292285
1942676,0,-36.53355380936665
1913677,1,-45.09068112438798
609280,1,-53.82114640231153
1440604,0,-42.542168921963366
1063643,0,-42.65955721644238
2915704,0,-42.8013021704787
2401516,1,-45.930420077451075
3809751,1,-45.410727567106164
2419961,0,-42.45121957844559
1607549,0,-42.683861758684365
2706889,0,-51.317640330333106
838205,1,-45.692847269492596
3100619,0,-42.16308316954895
282770,0,-43.574743186792794
1607657,1,-46.119343760089734
3716541,0,-43.04034554249942
1554920,1,-46.84994348372294
3757838,0,-42.36644211053367
3493068,0,-43.15593862417342
3212958,1,-45.55818357738662
741856,1,-46.13439781977041
1129890,0,-43.526064894562865
3474818,0,-42.56585988001847
2259322,0,-42.36254507461924
828527,0,-42.36774729017009
2854576,0,-42.84083644823971
1705632,1,-38.929255008356996
2435137,1,-45.77809323831066
1297572,0,-43.07327290690763
1826908,0,-43.21252403886804
2740680,0,-43.26381013487963
3922059,1,-45.47664625661869
1810853,1,-45.88273622458182
297184,0,-43.0346721513149
2411986,0,-42.39488788073838
704963,1,-45.91307025699211
2869527,0,-42.82600745210497
2660452,1,-45.37761499707638
3252947,1,-45.74063771120043
3327748,1,-45.99743451778032
2594541,0,-43.104650064594956
1709239,1,-39.561919320956555
3716155,1,-45.44138625522401
3268096,0,-43.64332778437598
3746810,1,-46.215589964960955
3363477,1,-45.69179533500879
545782,1,-45.712898671686865
628599,1,-45.02444145787858
2258397,0,-42.41042842965567
2024967,0,-42.83642401907914
946042,0,-43.1148676932681
1753696,1,-45.389520553602196
248534,0,-43.226442482485275
3235357,0,-43.04586751582541
841493,0,-42.5882801145171
3312842,1,-45.154955113937326
2237733,0,-42.649824772498064
2569592,1,-45.287980780168006
2854261,0,-43.15784016372963
2444212,0,-42.58947075016711
3199570,0,-42.04696592059609
1320316,0,-42.42591921493845
309122,0,-42.49014807762298
1150137,1,-45.24106303615735
1084511,0,-43.156035336407626
1889152,0,-42.24486741843268
550818,0,-42.45617386746747
3002238,1,-46.5548675588944
3305492,0,-42.813104207537094
883742,0,-42.79381576358068
540576,1,-45.46875505930771
735245,0,-42.94599386737128
755588,1,-45.20529016141377
538121,1,-45.47420091105355
2771039,1,-45.66336567761013
2578505,0,-42.76953430703064
1208085,1,-46.24384522363794
1882233,1,-46.09437900511422
3216449,1,-45.639412620644
1306999,0,-42.17026071801839
896505,0,-42.780016920328976
352567,1,-45.89656537687041
3920165,0,-42.906604259417406
820532,0,-46.328152982445786
2039863,1,-46.11254135453381
1967362,0,-36.58147601471977
2392751,1,-45.634840993032725
1158136,1,-44.961073147579285
2908861,0,-42.99330220759049
2533752,1,-45.831588932703426
1460465,1,-45.38131278501927
1710779,1,-39.9364619944504
2492138,1,-45.602371902432516
3714385,1,-45.51908680625691
2706621,0,-42.744378268076105
1201576,0,-43.0585165410894
879865,1,-45.060297765913724
2124778,0,-42.64439423859589
1901537,0,-42.16335497596341
999063,0,-42.832998293557026
3235350,1,-46.045366662063714
3679158,1,-46.245292783545565
252572,1,-46.405846299342414
3752615,0,-42.92981983405135
1758182,0,-42.72062018953977
1562197,0,-42.344028448230574
1389784,0,-42.66519129580929
3705688,0,-42.239211308893715
608218,0,-42.48825403926611
1011185,0,-42.69307253219779
2869097,0,-42.605798329775226
2898969,0,-42.421643499964446
1156588,0,-42.808466464574245
296916,0,-42.4899554862823
346698,1,-46.58336881063605
1880001,1,-45.29195563539732
3532583,1,-46.009598182015715
341143,0,-42.853363520103116
1287459,0,-43.161422406832926
1697062,1,-39.67836586052713
2450504,1,-45.91504948270173
1937451,1,-40.2283101254184
1785177,1,-44.70051204122852
3110091,1,-46.0777384478671
279179,1,-46.246866333769695
1133747,0,-37.12969494432463
2123189,0,-42.2306023662035
2696084,0,-42.8810175672328
1817032,1,-45.38849094566081
1753448,1,-46.18459579013955
1769377,1,-45.99682473871075
2880876,0,-42.869866061212
2923519,1,-45.6054826931699
1940185,0,-33.0071556211052
2796526,0,-42.650250672708005
2539563,1,-45.09780186084827
3275360,1,-47.04912110269357
3803026,0,-42.71488704887294
2135908,0,-42.572294356347456
1121701,0,-45.13248371346601
3932372,0,-42.847891765705334
2278505,1,-45.219658119132724
3945068,0,-42.65753457667662
926722,1,-44.708967811871005
3521523,1,-50.13552247891877
1581347,1,-45.52468571516423
561658,0,-42.46595377413754
2658534,0,-43.37978976426326
3312185,1,-46.344987388755484
2542277,1,-45.74349286727166
1696174,1,-49.0275178283449
2454948,0,-42.920772054709424
2023836,1,-46.092815209390864
3719063,0,-42.51994552744445
2591636,0,-42.68264036497431
1280212,0,-42.7333947123286
1408987,1,-45.015821670762875
661266,0,-42.796066375826285
640005,1,-44.863076908021256
216188,0,-43.58194336608716
1561329,0,-43.25280805721323
2860292,0,-42.98442046146941
3735253,1,-45.5398204277013
3215750,0,-42.78942363352325
2150851,0,-42.749115793402325
487160,0,-42.79293742001532
2159888,1,-45.53120526216593
1831276,0,-42.91136710747973
1287304,0,-43.01616469494127
1962284,0,-42.92944755051227
2125598,0,-42.93163644958257
891892,1,-45.729325731663614
887330,0,-42.215374157881776
3909699,0,-43.19530130049594
3404775,1,-45.903821675788215
1074997,0,-43.51627959009373
1120446,0,-43.348560455775335
2547237,1,-45.8621879219641
2475682,1,-45.586604676828166
603262,1,-45.5955296176779
2450452,0,-42.68771869188803
1903563,0,-38.78748514170782
280409,1,-45.43789497972396
2264926,0,-42.919160299978245
195339,1,-42.12001842235272
1827630,0,-42.2925822215462
749449,0,-43.40423167992095
610466,1,-46.46283820287065
1678302,1,-40.31584027021638
1276263,0,-42.35827521283053
862554,0,-42.121417148725044
1352179,0,-42.96177979758305
1350414,0,-38.66970323962711
3475869,1,-45.67287457320937
3835990,1,-46.0093210225507
1137023,1,-45.37687059734949
1877212,1,-46.27777070871677
1400720,1,-46.1122601434666
3842085,0,-36.477108376329696
3940017,1,-45.5308573141594
1997415,1,-46.39984940292814
1490008,0,-42.830866638401375
2401593,0,-42.349786885401784
3099840,1,-45.63884399221754
1010844,1,-45.744337385902654
3339163,1,-45.43289344766144
2547889,1,-45.786233302228545
1692493,1,-39.55034684876555
3785154,1,-46.233346058499194
813676,1,-47.747596667116326
1699363,1,-39.175422298332215
1231290,1,-46.61243347625897
436030,0,-42.17402869522654
3753609,0,-42.81182695346553
2735861,1,-45.88684711127164
844679,0,-51.69460441978034
2410922,0,-43.22239751514129
3457261,1,-46.24993033073774
1078526,1,-45.98545216571422
1976701,0,-36.48860297881564
1637346,0,-42.065216899528
1766488,0,-42.83401501069621
2605566,1,-45.62272041495884
948081,0,-42.79281177722029
3128292,0,-42.43239696914118
3100257,1,-46.23603139200321
3416990,0,-42.29443233657428
2878840,1,-46.28548494232863
2983216,0,-43.09633194731566
3530119,1,-45.318904928289236
3394642,0,-42.62773614021563
2439303,1,-54.80871207170175
1620607,1,-45.222208183575454
2143907,0,-42.50905444097724
3131010,1,-45.20166397703512
306160,0,-42.46288997176188
341562,0,-42.06279602724794
3253339,0,-42.6767176649818
1891173,1,-45.90132672493032
1970448,1,-40.08933021284571
1646947,0,-43.11148721225983
3304009,1,-46.47605962102533
2591703,1,-45.59239488199809
1358110,0,-42.466107201700424
2628294,0,-43.36715786349933
2780631,0,-42.12382524169173
1209319,1,-45.81471072988008
3776416,0,-42.76527617957486
598863,0,-42.69840574869524
1773277,1,-45.775721179480726
3501682,0,-42.986439197943795
2737149,1,-45.26046378062952
2484367,1,-45.49107611885558
459098,0,-43.133612138284455
2012051,0,-43.163247637044904
3960243,0,-42.528717004069506
2180890,1,-45.60498011082721
2019662,0,-42.82198152667828
1334462,1,-45.32619289130995
1782005,1,-45.54486080421044
1144189,0,-42.4817407584533
652598,0,-43.081504654531436
2705242,0,-34.231356754937615
2472614,1,-45.4120929534717
385491,1,-46.1775063517655
3040849,0,-42.85674904840268
3777514,0,-43.34081071020473
2407941,1,-45.97017555207344
2615013,1,-46.32631141307907
2694779,0,-43.03814566262789
2810486,0,-42.87792640326028
3222073,1,-45.58057012528284
3661135,0,-42.290951110502874
1554529,1,-45.230979589006886
312168,1,-45.22952863568263
1223009,0,-43.15458075861572
2697307,0,-42.8308514333182
193677,1,-46.127007464923835
1973807,0,-37.13190743939807
1412638,1,-44.85894247306932
3738202,0,-42.61586609935516
1067543,1,-45.50878945956796
2399501,1,-45.773921782549714
2726527,1,-45.60372011548939
3744536,0,-42.629371310470795
2269501,0,-43.08198536280994
336871,0,-43.09290511756706
2830468,1,-45.699633210179194
3370864,0,-42.84597538959523
2812416,0,-43.046908824315985
3534499,1,-45.00072439702063
915266,1,-45.972587422129166
2148092,1,-45.442235496495
1376134,0,-42.0656757420785
3179483,1,-45.69088403886778
1662478,1,-39.691253593823376
2155399,0,-42.91281161121202
2261852,0,-42.51471884268095
3674316,1,-44.91458362331244
2012659,1,-45.82248547774744
623533,1,-45.57540070065167
3264740,1,-45.62589688428868
2438629,1,-45.57008002557227
3108879,0,-41.87107229965183
2991360,1,-45.48993976505731
3944510,1,-46.21040402183161
1377620,1,-45.649681809804065
1539745,1,-38.483880832242896
3247300,1,-45.62450276944743
2880567,1,-45.695207184880374
2142336,0,-42.174679009144924
1951608,0,-37.05445366696128
1065471,1,-46.13469666253387
3011410,0,-42.90292513657699
1948319,0,-36.86005003670398
2192760,0,-42.50278117591666
510502,1,-45.93882058948201
3170771,1,-45.58028116120229
2585938,0,-43.0454762417996
3380558,1,-45.10186021377993
804942,1,-46.05443585868224
2665542,1,-46.30142490740596
2489036,1,-46.028307221802955
3270372,1,-46.13866619952137
2977579,1,-45.22116061781372
669448,0,-42.609808942610705
2796424,1,-45.661928858324636
2415969,1,-46.48407005253003
3537061,0,-42.38985802214247
2244358,1,-39.874983817404654
2824409,0,-42.401952646292344
3523875,1,-46.15376194163494
245524,1,-46.20528320137748
1870292,0,-42.85513992500191
3666846,1,-45.97523102534983
1597381,0,-43.29706175629417
690976,1,-40.995721558434596
3379071,0,-42.07987313348426
424396,0,-42.87225808935633
3541377,0,-42.78230044694282
3234683,1,-45.66627989034251
1134658,0,-42.434152449687225
722349,1,-45.831368954338565
701757,1,-45.22102474375032
277400,0,-42.39516613239519
2818679,0,-52.00814682996385
1145911,1,-45.71059820448757
3270982,1,-45.348458903778734
842311,1,-46.06940063344754
3469095,0,-42.52596660700641
3349118,1,-45.21434583929445
1145879,0,-42.637444059791285
3508411,1,-45.7415473428251
2115406,0,-42.778933862046394
1973930,1,-40.07726512030648
1814405,0,-41.92594345599358
530374,0,-43.0534787766566
3267257,0,-51.39955742096397
628792,1,-45.87054891795385
2449490,1,-46.16396840124587
481866,0,-42.53383048563716
927089,1,-45.1209482439931
657959,1,-45.805109705757225
946281,0,-43.67693345718501
397956,1,-45.63170687002127
2685081,1,-45.89561319612679
3239188,1,-45.06428995305181
3837706,1,-45.57437736406604
1282790,1,-45.943416190038306
3133987,0,-41.84654389539326
235991,0,-42.25863350658934
760591,1,-45.282682938477095
1350286,1,-45.62036124532199
1947950,1,-40.72351427499485
2393416,1,-45.6968096717821
893393,1,-46.931626864418625
1916978,1,-46.01019855355392
3875821,1,-46.05492304677062
1749900,1,-46.21011834557963
3400663,0,-42.51621862864432
1036200,1,-46.67952585603911
1146660,1,-45.201206364692666
2610931,0,-51.2195156609627
3466470,0,-38.3627451143322
1809294,1,-46.42993853325381
829779,1,-45.33231695689311
810983,1,-45.79599710009225
821847,0,-45.563131703815834
2526827,0,-42.85813929239471
1676678,1,-24.889113977045657
843311,0,-42.66633432771443
639092,0,-42.39867217246109
1118296,0,-42.75647338292145
1640662,0,-42.1676675068749
1993966,0,-43.50844313990743
1908342,1,-46.32221048959811
481164,0,-42.328714188286646
600128,0,-42.79387794145028
603446,0,-42.77932778377706
722713,1,-45.92294462170375
3371092,1,-44.91809488567148
1894077,0,-42.79873713344701
1222800,1,-46.0491685265995
391538,1,-45.85149973284763
1637157,0,-42.4770438381693
1990402,0,-42.12990156108754
2853384,1,-46.251365333518926
3034820,1,-45.470845577555764
1408351,1,-46.16913230358252
2034715,0,-42.53253534272861
2164076,0,-43.31608519308116
2441744,0,-43.23776838898671
994873,0,-42.32909932276901
2572097,0,-42.56318918570236
1117205,0,-42.903579041117155
2047536,1,-44.49140396374243
3759293,1,-45.87325920723749
2462435,1,-45.576774099900305
3954868,1,-45.725272210990816
2112192,0,-42.82001905037483
3054890,1,-46.241695020853264
3784488,1,-45.66650992588787
1558167,1,-45.43891543962971
883623,1,-46.11265849422548
1340634,0,-42.29464116752428
1475298,0,-50.867806014331435
3893975,0,-42.459613407533425
2591336,1,-45.46244833346144
1908152,1,-45.906049259825025
1873978,1,-45.45253549637186
2716570,0,-42.70937281525513
3140646,1,-45.8625932563756
1048125,1,-45.79003496889527
1386931,1,-45.23818364901317
2124901,1,-45.854416810326754
2892682,1,-45.15075140280409
3877624,0,-42.05096370382376
3146994,0,-42.04736818024276
3042533,0,-42.858102295985546
1474193,0,-42.42717503593356
428348,0,-42.39974832667494
3272983,1,-46.0170373811321
3366349,1,-45.30782091955521
1283633,1,-43.990316095029485
1553419,1,-46.21275570153233
1789041,0,-42.658696117106565
1398781,0,-42.88061838261627
3220302,0,-43.31996027784744
3333727,0,-42.84589258420968
245869,0,-42.476147667091865
1731666,1,-45.218167856403525
2064112,1,-46.341639683884
3325085,1,-46.42943651168219
3379834,0,-42.95851710103441
1128921,1,-45.58275466218491
1475667,0,-43.07762040189211
2198448,0,-42.75764677700312
3152909,0,-42.409695323579896
848667,1,-45.6276620657476
557610,1,-45.79476047798194
2132921,0,-42.70218476001249
2757538,0,-41.82285443294664
2885180,0,-42.1749086833946
2167383,1,-45.94959498279252
472748,0,-42.36817268566229
3475636,1,-42.042753161629406
1951799,1,-48.55906322471343
240123,1,-45.802197809723516
3145471,0,-42.662617545390674
3694538,1,-45.778809662311566
3443540,0,-42.56133544051294
2921218,1,-45.729425892845775
1262384,0,-42.36664745880322
1736128,1,-39.926748604139526
1898165,0,-43.32403619737827
987351,0,-42.47587524046254
3143175,1,-45.974211211326114
1340489,1,-45.53010237107902
3717599,0,-42.82870460550256
1526311,0,-42.73297232435789
3404618,0,-42.343685910038616
2927752,0,-42.97948254450156
1021251,1,-45.19796952925985
3936791,1,-46.341399197512416
381921,1,-44.800739925699716
1942903,1,-39.58644123762754
3418410,1,-45.74480634201551
820777,1,-48.627543271863914
540197,0,-42.59732791561889
900036,1,-45.37012408533697
3687640,1,-45.492302005996166
939371,0,-43.35408432043723
1249023,0,-28.791066920269383
2484111,1,-45.910896516500294
1260790,1,-45.39821113313424
1568963,0,-42.6716378179644
480240,0,-43.05921667856475
933023,1,-45.86916415465964
241894,0,-42.75596643701353
1886047,1,-45.82487367233778
2830506,1,-45.586550179547196
3802737,1,-55.187847025244885
256273,1,-45.162785000919584
2470200,0,-43.29000634606585
470495,1,-45.284853640445256
2026465,1,-45.931937505198114
1339760,0,-43.53351133822874
399206,0,-41.77779576705139
2912371,0,-43.16117388283279
3118959,0,-42.67103703955117
3778478,0,-42.71985480614238
2108709,1,-45.532076705193994
1738417,1,-46.81223306693001
3093007,0,-43.01449504030708
1266711,0,-42.35644366011953
1083459,1,-46.06830288454355
527618,0,-42.390498286043346
1357144,1,-46.094630840527415
2917509,0,-42.89760034794776
1704225,1,-39.75584454447641
751833,0,-43.33210604909269
3178639,0,-43.17200077950889
545543,0,-42.50506001476386
1044338,1,-45.480781298610516
859671,0,-42.98597929400146
1260706,0,-42.661745367323235
252870,0,-42.7248604106057
1625379,1,-45.965866750127944
2961643,0,-42.50021479230159
1139890,0,-42.128936788400814
3775802,1,-54.26470626760415
2613638,0,-34.42088036034923
3146608,1,-45.753637759332854
977593,1,-45.98957190759526
2272323,1,-46.545917201476065
3844468,1,-40.08067565294165
2183531,1,-46.06701150552548
2283872,0,-43.016794162790475
2672953,0,-42.70749251218687
270553,0,-42.57048248766328
273626,1,-46.15983340899104
2783445,1,-46.10104629226411
1535216,1,-45.233906848759695
493822,1,-46.588020014748444
1317408,0,-39.114015999608114
474888,1,-45.513152030669005
3785801,1,-45.66715899258674
2986525,1,-46.27755608394898
1234386,0,-42.6276150857475
1613307,0,-42.654338406865925
2260113,0,-43.66348596335366
580814,0,-42.73882296442263
667152,1,-46.121994917963534
1775940,0,-43.12145312572946
1471049,0,-42.60895589812278
557503,0,-27.863159418464907
2403505,0,-43.022497758827924
3656640,0,-42.14909643332214
2473143,0,-41.79798208846459
1689988,1,-39.50871486828022
3037448,0,-42.516285685418055
1492142,1,-45.51865594956052
2704244,1,-52.565198589454724
1377600,0,-43.052854107946516
1453339,1,-45.76500015163514
2788006,1,-45.93341756892108
2703307,0,-42.4782140016808
1520041,1,-45.46810874154501
3530626,0,-43.51689495195428
962719,0,-42.20466804289272
936457,0,-42.64488789511064
2201217,0,-43.14216569750756
2874008,0,-42.86694329227238
1404970,1,-46.0598366724866
548316,0,-42.694944784419384
604401,0,-42.709530529854575
3269910,0,-43.619411458800734
2636729,1,-45.72614115795335
416669,0,-43.27028989541201
1554139,0,-43.112584886984
370020,0,-43.465989639216154
1550197,0,-42.0876443063716
809668,1,-45.57716862869946
226537,1,-45.58674837840584
3468487,1,-45.63320006226626
1274868,1,-45.518870955333654
3746398,0,-42.64433139516502
3388550,1,-45.44227080234603
726855,1,-45.50601244367185
2779700,1,-42.07598547593648
411853,0,-42.94493844202534
1335566,1,-44.95385441487136
721516,0,-42.81245560924951
3068793,0,-42.89243668100249
3859549,1,-53.223475790665674
3883371,0,-43.07726579736987
707935,1,-46.204419233729546
2620273,0,-37.739897650485034
3787364,1,-45.6546463887244
2207745,0,-43.136737243021656
1166167,1,-46.274125966557506
2450033,0,-43.033542790542086
1495433,0,-42.56504284400531
2818788,1,-45.49757500257979
3507323,1,-45.940324238686586
256214,0,-42.479458965437296
3230342,0,-42.79527407698338
1268576,1,-45.800903040131935
3664438,0,-43.077887534377425
203284,1,-46.06107100223945
3505400,0,-43.1304751553881
961866,0,-38.80045755894163
3205799,0,-42.74437209408246
2532819,0,-42.964279701745156
901400,1,-45.404684514336445
510217,0,-41.914172597479464
3112971,1,-40.19492515152495
3916968,1,-45.76594253855062
333086,0,-42.92416637487522
2837040,1,-45.611107566101005
3154161,0,-42.98963005268322
2703152,0,-42.08954163479833
3175041,0,-42.95591315225187
3216061,1,-46.605955167569945
1840487,1,-45.554862660866505
3935805,0,-42.88454409979565
863370,1,-45.76918387257212
1296855,1,-46.134864715588584
2175395,1,-45.54189964793578
473182,0,-42.8857334490899
3341541,0,-51.14936262975398
3274195,1,-45.72966788757307
3893863,0,-37.55500095364491
3051017,0,-42.09910854582983
2906452,0,-42.21602126742637
2008535,0,-38.406089722017654
2573664,0,-42.745519929306475
288434,1,-45.172602640386195
3014395,1,-45.75713236952786
1957343,0,-37.22328144627745
2262959,0,-43.21849818855216
1978363,1,-40.20071656493826
2968799,0,-42.68003454462699
2651162,0,-43.14183589393799
2282239,1,-45.93664522009571
1826595,1,-45.151503903543286
3008918,0,-43.52753202306083
2433126,0,-43.69913793130793
3248767,1,-45.54530899125369
1481432,0,-42.89885477322609
829870,0,-42.606481456334706
3909266,0,-41.99513203753774
3868917,1,-37.321773490674346
2757076,1,-41.6003626068239
2962061,0,-42.839740611730896
1719252,0,-36.4373904058056
447301,0,-42.57961254744646
1960828,1,-39.67325122999105
3775961,0,-43.09607771200498
737218,0,-43.18794697773648
3213043,0,-51.77430284716951
2922628,0,-42.940283951885625
1576045,0,-42.8663564914483
1880755,1,-45.30924489516613
1051816,1,-46.06346989222903
3149848,1,-45.73739381404379
665172,1,-46.27936629965655
3423490,0,-42.87962877069797
940179,1,-46.12463937907588
2914100,0,-42.71409747439347
3274428,0,-43.08522272669484
3870947,1,-45.60680320730273
3958801,0,-42.878462073185176
986981,0,-43.22553796556437
2160137,1,-45.51784728346618
967516,1,-45.889702384873885
2757233,1,-45.97364739370262
3849638,1,-46.12586614285178
3301946,1,-45.710425804994
1125157,1,-45.11048976619919
1028116,1,-45.650239227755435
1972895,1,-40.7258848502079
3077983,0,-42.6405768688823
867569,0,-42.71064058950585
2469512,1,-46.38628236526673
2585115,1,-45.74326983205593
1771346,0,-42.55889191661678
833241,1,-45.266740101683524
3270078,1,-45.3741145427826
702267,1,-45.17513249167652
1371405,1,-46.214443086964195
1144494,1,-45.924996542336196
1411282,0,-42.12697041545712
2140619,0,-42.82754433397454
627707,0,-43.01481313837392
3784412,1,-46.572240986602274
3259055,1,-45.498250202218074
1916787,1,-46.27080673245693
681516,0,-42.894520348293284
3917606,1,-45.65281553654819
1124151,0,-43.4031888004113
3471737,0,-42.768931715602704
413973,0,-42.789416249789895
3441237,1,-46.374364274828
3658829,1,-46.07211441994802
722385,1,-45.64291101635587
1009318,0,-42.937579397955886
634354,0,-38.27543088869951
3162876,0,-41.98043555995193
2668860,1,-45.794125753094846
1422922,0,-42.69185148289692
2564025,0,-42.22610275283862
1573210,1,-45.31304999551382
1635003,0,-42.13539734991623
1000276,1,-45.830446598500814
1000157,1,-45.34214355436412
1120837,1,-46.082752550877714
209376,1,-41.200803605034054
2276512,0,-42.95782305441731
2535926,1,-45.53824153520695
2692472,1,-45.55315260215897
1204642,1,-45.613236108286294
1242354,0,-38.80754664249692
866941,1,-45.99520241426469
292806,1,-45.19031947350603
3760057,1,-45.919784529139086
1329606,1,-45.82965767870506
726329,0,-42.43770415776501
3807951,1,-45.96778210475586
2528050,0,-42.40469004678704
1965163,1,-39.80786774792806
3183668,1,-46.07150304415455
997165,1,-45.282777366997706
331892,0,-42.87717647298174
1964617,1,-39.72380719779485
1332296,0,-42.07622403090394
1333256,0,-42.08097348773735
1292255,1,-45.612357989165766
683385,0,-42.83692742372922
1431180,0,-42.7162073229347
552861,0,-43.073223066430614
380557,1,-46.369495771360086
3235580,1,-46.24574780805668
1858051,0,-43.341067600272126
2660019,1,-46.89958858991705
1709072,1,-40.258057284535745
967999,1,-45.24769007532324
1090331,1,-40.18137153781963
1744940,1,-46.164596486653025
531924,0,-42.35720594492592
3047455,0,-41.404995337551945
3866360,1,-46.09241864942557
487251,0,-42.6187624450117
1881288,0,-43.25088816357313
987800,0,-42.81580865278277
228737,1,-46.313758349840946
3919126,0,-42.87145606012035
3058392,1,-45.80879703689921
2234109,1,-45.99860655779871
3088247,0,-42.49859641422527
3795269,1,-46.17932719192965
2274412,0,-50.747375833902325
339504,0,-42.42716788426351
3210696,0,-42.4599935674524
986396,1,-45.58075102974555
2054520,0,-38.654656297220264
3926171,0,-42.8096665338778
985672,0,-43.08098285541486
2667671,1,-45.3332899098578
3150379,0,-42.62552502719582
871013,1,-46.37406082455182
341029,0,-42.560394075604066
590479,1,-45.94118928633387
1454786,0,-51.16685943498851
1985391,1,-39.746030541822364
342230,0,-42.14920642972681
3071239,0,-42.337226621790485
1428538,0,-42.55725225800988
2797419,0,-42.33398996824028
2053165,1,-45.634350329558885
1027858,1,-45.272841101973746
2509043,0,-42.566805926169586
342607,1,-46.46367116690877
3276028,0,-42.486053505350064
2866442,1,-45.794478357511025
1728783,0,-42.66724902649748
968927,0,-28.59496463646726
2921878,0,-43.12266218216439
3522019,0,-43.042262400527065
3873237,0,-42.496098332572075
1227779,1,-45.26013640359399
1555234,1,-45.71656431657164
1771315,0,-42.99490368871745
2644572,0,-51.255469269095606
239108,0,-42.42047266494738
1084637,0,-43.23325265366807
2655938,1,-45.886110976050894
358235,1,-46.05201065241224
3831896,1,-53.288058497869564
3179743,0,-42.91997358755958
2411459,0,-42.572366929424284
1097235,1,-46.55459499043299
3084250,1,-45.90485813716346
3301521,1,-46.037682069716354
610862,0,-42.971420908697134
3471921,1,-45.5007043244126
1849536,0,-42.604063980635026
3775546,1,-45.55379753345815
406679,0,-42.55568590129863
536495,1,-45.57262322140963
3093966,1,-45.301787272865056
3222973,0,-42.86088339732167
3910608,1,-45.597558426797455
3761801,0,-42.81212768167286
2890861,1,-45.50707959370252
637057,1,-45.29816933780488
3280731,1,-45.67844752401113
3765872,0,-42.609286124060425
3239549,0,-42.38571298664614
2252607,0,-42.15214988996945
3767960,1,-45.943322097677054
3081642,1,-46.67349896186796
1515641,1,-45.285863887716594
1348597,1,-41.87068849810834
3910722,0,-43.563191200019105
3259095,0,-43.528800425783785
3465494,0,-42.782014617719604
3462137,1,-46.30051679739928
3091491,0,-43.02749796234413
354218,0,-42.216647930202406
1167797,0,-42.60334403216394
1129846,0,-42.616253479683564
647399,0,-42.575294250356166
237575,0,-42.64941543584336
1776990,0,-43.28700470041056
2408716,1,-44.4669535096492
2254800,0,-38.90828726816518
429310,1,-45.93140765306856
594456,0,-43.254869063371245
2479241,1,-45.119395721675296
2548693,0,-42.72832914229166
3131927,1,-45.39793476670016
2147875,1,-45.75018622539248
566023,1,-46.00715036367311
2894313,0,-42.679476689601366
2164581,0,-42.27804280932427
3919285,1,-45.31813802075343
1902790,1,-45.46879421854303
3907321,1,-37.420657172452906
3785213,1,-45.08261134036958
1291460,1,-46.97114529507601
545410,1,-45.51857279165219
1942990,1,-39.22847965624401
542289,1,-46.38507957300533
1593976,0,-42.88532682900274
3910149,0,-42.569228392974
2922881,1,-45.45242298963026
2048241,1,-45.815300511232095
2823881,1,-45.55074486856457
272547,1,-46.37443558769527
1934468,1,-39.70285588654877
193586,1,-45.102169818114014
2238764,1,-39.75555807104654
352386,0,-42.83507840588156
3335170,1,-45.93180333051616
1997259,0,-41.536328578024964
1292628,1,-46.48719099183725
2001984,1,-45.4274605773541
2111594,1,-45.38373989731093
1332457,1,-46.215467940884174
564360,1,-45.178847789576686
3650707,1,-45.828962618234016
2745950,0,-43.09706428316386
1367824,0,-43.23863632317708
2160975,1,-46.23395853287834
866139,1,-45.013408863122905
2911828,1,-45.712800761033414
820806,1,-48.137562169433764
2981829,0,-42.90628148197264
2881108,0,-43.076082411858465
989959,1,-45.637997016626755
2921094,0,-43.22191108274935
3755967,0,-43.50775442803739
1273472,0,-43.18168463296383
2470915,1,-45.60598894127784
1635540,0,-43.28496576681799
3483835,0,-41.66821385183349
280596,1,-45.196268613045454
2606932,1,-41.89866123231657
330392,0,-43.66129510794908
835571,0,-42.521687860306564
3124445,0,-42.02983204995574
2981384,0,-43.71390338089704
1394421,0,-42.738199733859815
1370523,1,-45.04968184620714
525581,0,-42.618014484800916
1129431,0,-51.03964301732579
3302447,0,-42.32181475250959
294919,0,-42.87765208427858
3042807,0,-42.98820063948083
3046294,0,-42.546413749809396
2166609,1,-45.63203309417741
1888312,0,-42.742735455442045
1285220,0,-42.71035510305102
255226,0,-41.71356712844534
3433118,0,-42.066474494123916
2452934,1,-45.7001864972856
1481421,1,-45.423732616119715
3857543,1,-45.48224846736503
404317,1,-44.53017461023366
987717,0,-41.89935809937193
3532103,1,-46.18583610553089
965620,0,-42.90697306261462
737135,0,-41.321685319690516
1380123,0,-43.273033969497654
2402504,1,-45.06299233670419
3033976,1,-45.29064150683536
973585,1,-45.68535266664159
1288503,0,-42.96438595080217
2552517,1,-45.508617950261765
3222995,1,-45.61055998649289
3080807,0,-42.54073415121561
275836,0,-42.83646837806273
537245,1,-45.79214758745585
1435446,0,-51.77059373687203
1555794,0,-42.40834585593221
3845628,0,-43.2384633034586
3685249,1,-45.572501383496814
814304,1,-48.56474456120801
1223599,1,-46.15815667289173
2795168,0,-42.88927972132792
2523216,0,-42.51615653561032
1488375,0,-42.96074478734698
1521708,1,-45.93742850501421
1563035,0,-41.82835243467481
3258206,0,-42.69061581022968
883691,0,-43.536120862213856
2936691,0,-42.162791638032004
2184250,1,-45.257222766156296
288084,1,-46.203992090105466
455222,0,-42.92751054733731
3350990,0,-42.74901936343651
1855520,1,-45.656759380991154
741707,0,-42.56406216647157
1488532,0,-43.15662276104752
2758777,0,-43.361959499729416
587034,0,-43.08645882054842
2938042,1,-45.35461487236512
872449,1,-47.048716319898716
2849639,0,-42.71708318279708
2033035,0,-43.02105608571974
2686481,0,-42.275741716769794
915975,1,-45.597563667628044
3521391,0,-42.40783071019126
2558226,1,-45.72841084205845
3223695,1,-53.826421078826286
1998325,1,-41.520159192214116
3356373,0,-42.89277800921464
2675306,0,-51.41858404737443
703666,1,-45.56704285486669
639033,0,-42.626104233977706
1871503,0,-51.767142502945774
3044211,1,-30.823349343116092
3929001,0,-43.0555592873846
1346949,1,-45.66644866946753
886330,0,-42.53388947022607
3289743,1,-46.34183978148556
1140736,0,-46.577252680318246
3862283,0,-43.29481538331719
1883095,0,-43.08255238116383
2764623,0,-42.32615301734012
238526,0,-43.39426437458634
2042533,0,-46.777779826704545
2479710,0,-43.279037513301596
2440960,1,-46.24642886767768
1139168,1,-48.50724842651774
614080,0,-42.882826730023645
2619047,0,-41.94071557787943
2582912,0,-42.49166000236701
427219,0,-43.530948617121666
876419,0,-42.73268650337508
3004918,0,-42.73597399171651
644297,0,-41.74413332271194
1327314,0,-42.661087236567305
1817013,1,-45.386467874612265
3684246,0,-42.683479136752524
2219135,1,-41.28427346778435
3188294,1,-45.567088848380436
903691,0,-42.420233844529776
838317,0,-42.8735101432377
1369493,0,-42.15269609169592
2562283,1,-45.76573897941349
1378694,0,-42.917971353406415
253694,1,-45.50095539278977
1609709,0,-43.1574825947889
3490104,0,-43.20259191986586
196057,0,-43.163939859106286
2175094,1,-46.48540209049478
3117191,0,-42.89773569642802
2998219,0,-42.36594917350883
1385894,1,-46.3499490595695
2172699,0,-42.87358052704156
486946,0,-42.544682364775056
2758902,1,-45.24613517434742
2444077,1,-45.9301804647137
3056669,0,-42.67324597256755
2486234,1,-45.193543877154916
3458915,1,-45.99902594770466
3240379,0,-42.51361241198245
3960492,1,-45.975468875357194
1407373,0,-42.72337449455812
3941689,1,-46.12736564098113
1724990,0,-42.73510792513108
1326789,1,-45.74415272660437
1945974,1,-40.63263683152948
1470545,0,-42.452711267915234
1569330,1,-45.96906996415633
2258427,0,-42.705923560942615
3471662,1,-45.30162251619685
2991602,0,-42.041181119551446
686106,1,-46.7395039086078
1911414,0,-42.851294515084774
3912282,1,-40.09420497039034
3936241,0,-43.11598788789428
3264693,1,-45.50876463743334
970519,1,-41.98365359630666
1251992,0,-42.432489598305935
2450510,1,-45.39224194106471
1686486,1,-39.37954354921873
3869281,0,-42.18222258719662
3020595,0,-42.81421299320444
1248358,0,-42.54711047847951
3020677,1,-45.41113158495151
3453216,1,-45.811433433310704
1752069,1,-46.34202164372444
2043913,1,-46.13698290552424
1774413,1,-45.25181801961775
2017200,0,-42.100508930924605
1894909,1,-45.28735841249899
3271084,0,-43.54375663540038
2607985,0,-42.17075728904609
2779372,0,-42.74186923646385
991054,1,-46.2641255952523
1479529,1,-45.58116385878657
1957564,1,-40.192909247756674
1071269,1,-46.30148442896832
3662460,0,-42.70424844508252
2965116,1,-45.90092390731026
258754,0,-42.45122273441999
996318,1,-45.84836545563947
3348137,0,-42.86776088555288
1333037,1,-45.88780849756779
2170180,0,-42.27292679466532
403029,0,-43.18539601040221
3229407,0,-42.86371998026668
1069710,0,-42.714566627871484
2001943,0,-43.00663148937089
1042459,1,-46.1117380508492
3303803,0,-42.52976715934945
1836139,0,-42.65113566432576
476319,0,-43.0561447796748
3093898,1,-45.24221048561347
1458727,0,-51.59087869618209
2759488,0,-42.8431813348387
2216693,0,-42.5622781741878
2039862,0,-42.31392885075953
600354,1,-46.217334173077695
2732325,1,-45.69463755945907
1015561,0,-42.9543295018005
457805,1,-45.577120099686915
3348517,0,-43.615413345431875
2714844,0,-43.42289869171478
595052,1,-45.83021635328493
2948049,1,-46.26325877537829
971349,0,-42.8386684217031
2687478,1,-45.60395568357844
2178610,1,-45.964414127552715
1683551,0,-36.28003252041464
2566402,1,-45.55238001794814
1885682,0,-43.082684272404904
3933849,0,-42.571071021848475
551207,0,-42.660182892097474
2877146,0,-42.807219407734635
2863048,0,-42.64834026058904
3749390,0,-43.28906684918961
3082654,1,-54.49273740290337
2453593,0,-43.04913405720404
1585483,0,-42.74962318932147
2804776,0,-42.89235406637151
1473058,0,-42.4414410720884
2172601,0,-38.9030252068137
837135,1,-45.54121834489694
1983378,0,-36.93617975673319
2874212,0,-43.013447068224345
3198619,0,-42.80120499536242
3090976,1,-39.52927817229702
1903473,1,-46.09107907671618
700417,1,-45.99972780155539
2284550,0,-42.42583545600339
3429399,1,-45.581693563050855
3893409,0,-43.44726743379445
2890875,0,-42.042406253634915
2137482,1,-45.2582934180153
1721364,1,-40.230754281862055
2695548,1,-46.2635290500591
380847,0,-42.92517322014082
3254304,0,-43.00075924712036
1228246,1,-45.32500311298979
545201,1,-45.76192838006159
692745,0,-42.819742266475664
2659587,0,-42.86014067868405
1000907,1,-46.51663306610816
1821505,0,-35.85256311158406
387585,1,-45.99981997247722
2412052,1,-45.97007822211488
1418658,0,-42.18689788787054
3259856,1,-46.30676332598129
3038316,1,-45.46398413103851
3069702,1,-45.47812400761168
1627668,0,-43.37235538951055
2210073,0,-42.21951458549526
3747729,1,-45.85820949635508
834483,0,-43.470705683239274
2989996,1,-45.67626855010554
1870998,1,-46.12372131641665
3235244,0,-42.7103202564341
728991,0,-42.583460153743744
3203008,1,-44.78138317747016
2906981,0,-37.892847253664115
2178771,1,-46.01963843057935
2816305,0,-42.368122217633235
3750210,1,-46.257026713770884
2783276,1,-46.38402312809176
2894485,1,-45.85321905744325
2200707,0,-43.47118981303595
2991179,0,-42.209471735614805
370132,0,-42.4140555103031
3518798,0,-43.20970147614967
1121810,1,-45.65078656778422
3280905,0,-38.1815884758456
2045089,1,-45.91114348931849
3522038,0,-43.23585713722558
2812289,0,-42.722028774253964
1628131,1,-45.29920730271024
1404546,1,-46.70188107781933
2285102,1,-46.27583272225328
991278,1,-46.35895334279153
3312053,0,-42.72557419861834
2204740,1,-45.77395000291967
1074397,1,-45.80925574714434
1632796,0,-42.20391074941103
1369125,1,-46.14611313865492
2285111,1,-39.823401449085026
3483678,1,-44.85421662800377
3139244,0,-27.405558731477658
2913889,1,-45.29963533267667
816158,1,-47.85773900713685
3212649,1,-45.77665083949934
1747913,1,-45.69288836372849
2508075,1,-45.59145404823132
3738999,0,-43.294379567579924
3005936,0,-42.12064453341132
1729028,0,-42.49823812166022
2724871,0,-43.36943529053825
3960092,0,-42.59459727608735
2450675,0,-43.275052729741816
2659478,0,-43.03674007023725
823590,0,-44.95707940560243
1214412,0,-42.50423477896446
363671,0,-42.49183829507104
3861474,1,-45.46771212485502
1789547,1,-45.29221036294874
3061711,1,-40.04113771592302
2758286,0,-42.304570985757366
3479115,1,-45.665349821328725
688105,1,-46.081722363343566
2542402,1,-45.96622328715055
3909543,1,-45.73434030048302
2282492,0,-42.671156367724905
574440,0,-42.67497606972166
230388,1,-45.87856830339339
1313337,0,-317.49949051604295
1632648,1,-45.34596593309466
2043454,1,-46.08343391136671
654005,1,-45.50528261818794
2637876,0,-42.89155681754991
801860,0,-36.89150402682578
3021297,0,-42.93290225410818
1163065,1,-45.770212853152906
491958,0,-42.994892479671485
1641881,0,-43.09600079489658
1470121,0,-43.27642645587964
3143506,0,-42.044655577295885
1510065,0,-41.92896113362503
2973396,1,-46.07335164158468
2877515,0,-42.68134963875955
581149,1,-45.7959929556924
2408239,1,-46.34872359079282
2502794,1,-46.062038296906145
232904,0,-43.070685035982514
2732722,1,-45.79950837008352
2027948,1,-46.15051625424491
3092526,1,-45.724607761524496
1416498,0,-43.4141337105243
364599,0,-43.24482263104584
3685550,0,-43.155809910410646
2804601,1,-41.049381915358914
3089585,0,-42.791743444787045
2908162,0,-42.843727408072105
589023,0,-42.73782084159657
727346,0,-41.91843663017336
1896748,0,-42.936051606093706
3174403,1,-46.90992559506387
364902,0,-42.55938004376683
2498357,1,-45.01837581035864
3194999,0,-42.549861574944124
2254960,0,-44.21447660614959
867841,0,-42.760745974028566
3857644,1,-46.143997252163416
3950687,0,-42.93426677250672
2006050,1,-45.737881630587935
448830,0,-42.955354990012374
1594177,0,-42.07917909281871
1997047,0,-42.911183032004594
1880795,1,-45.711168263489036
3543093,0,-42.72715245761971
2744911,0,-43.21417521869913
2929457,1,-45.35555249310429
3240315,0,-38.91119470991726
3899864,0,-42.634493651383586
2648408,1,-45.59535607462024
989751,1,-45.78860403545617
1031355,1,-45.07667283435981
3390973,1,-54.54753961765207
2420046,0,-43.16741865025446
3729169,1,-45.46771853302663
1911012,1,-45.557432006857525
3049621,1,-46.063162948100924
1560023,0,-42.08412135419904
1766056,0,-42.80823746885769
1748152,0,-42.6023253575477
1329135,1,-45.23312591155441
2670983,0,-28.12900484676888
3245747,0,-42.497417868804064
1256323,1,-45.87402698219142
981009,0,-42.11934676307778
1673575,1,-40.151849394318994
3659185,0,-42.54612224019129
393452,1,-45.6717565083046
3934445,1,-45.759424921702085
3910182,0,-42.93695186164468
2923412,0,-42.145001681762835
3377601,0,-42.880542020357616
2706227,0,-42.10060279922688
3133772,1,-45.09309455360782
2423977,0,-43.85794184565657
408781,0,-42.66684565784226
2474003,1,-46.27070933917931
655177,0,-42.25051427392168
2123285,1,-46.10794863077577
2624478,1,-45.35768291839081
2871600,1,-40.150369967716884
2838658,0,-42.07894191554849
2602834,0,-42.9530828751299
3234556,0,-42.32783062925042
944624,0,-42.676773431151325
3149318,1,-45.129790201596116
2803943,0,-42.04635729138874
570558,0,-42.89178068910912
1404627,0,-42.660406006705955
1147372,1,-40.140507032665745
194671,1,-45.73149828105058
1885923,1,-45.48304159427335
1100279,1,-46.09548403924845
332470,1,-45.1564663833864
856253,1,-46.48816143125213
1068407,1,-54.21058596291253
1458204,0,-42.98096233454386
1202286,0,-42.39758762567544
3193919,1,-46.087247023951434
3759752,0,-43.03990757268809
591100,0,-42.577552115443204
745002,0,-42.46715451550449
1503285,0,-42.229685558695685
3008683,0,-43.19780408293694
601384,0,-42.48042015400943
2428419,1,-54.1933547523526
3182846,0,-42.764889978447876
208516,0,-43.25882778779071
2780920,0,-43.101930168653645
260772,1,-39.60022056269188
3421663,0,-43.21068347367795
1903897,1,-45.14204314011801
2121152,0,-42.89571793753425
3469838,1,-45.64115839551996
3161855,0,-42.24789048013183
2395066,1,-45.67461435754276
2796032,0,-42.90489144320233
3542220,1,-45.8660630737558
2817024,0,-42.47405216392717
1275975,0,-42.769625599235816
1357458,0,-36.08616960765711
1620911,1,-45.88463344991567
2144014,0,-43.37465641276212
924482,0,-43.14759160793664
479891,0,-42.37208723229077
2513867,0,-42.26500697942309
1569450,1,-45.41396120177087
1615757,0,-42.94718367898049
2120647,0,-43.86391674727098
751367,0,-42.88571111801972
2977378,1,-41.2692676859706
411078,1,-45.34262006077403
2826396,0,-42.74936920446076
435627,0,-42.97218656197656
3201271,1,-45.79864885643199
876899,1,-45.067964847994325
3477805,0,-42.61795565895592
3744610,0,-43.10173985322375
2673283,1,-54.59828606096236
1878937,0,-42.393288792630806
1436389,0,-42.478808278363985
2032033,0,-39.753697680001686
1994028,1,-45.9466165356687
973308,0,-43.0116781604638
333562,0,-42.966650332952995
1898184,1,-46.02646647077624
2941406,0,-42.57115670572881
599696,1,-46.00945457320045
941111,0,-42.707487213157904
293819,0,-42.840235513446395
2723895,0,-42.399009953173746
1153435,1,-46.22622285733293
924653,0,-43.0938141876411
1983214,1,-40.06781864485301
1703220,1,-40.40741389102023
1843290,1,-45.37391253580382
3298380,0,-42.686138576649235
2571576,1,-319.35272581518865
3845313,1,-45.76485648450835
2987803,1,-45.62047585416618
3063129,1,-46.24902216330111
712247,1,-53.86335345946746
2759567,0,-42.99313241851067
903301,1,-45.353459140737975
710087,1,-45.505090688884636
832002,0,-42.73881574005773
2509541,1,-45.95164530429413
858578,1,-46.097422987552385
2764570,1,-45.298581634921426
855115,0,-43.26663141088344
3502585,0,-43.363163861028646
1419440,0,-42.319598710078544
2858719,1,-46.22664781553717
2164783,1,-46.197108471096364
1345712,1,-46.17931029627968
3711670,0,-38.48323083891024
1583561,1,-45.552300898695684
2911155,1,-45.58670105327589
925955,0,-42.454639398867876
3698402,1,-54.29407735864161
1812115,1,-45.33111929368716
2558893,0,-42.64722760525101
2444203,0,-42.552755753045446
1204195,1,-45.86810139500849
3208474,0,-42.63721021036226
912771,0,-42.07891908473845
1738006,1,-45.9840107690493
1809141,0,-43.038480824178315
706272,0,-42.40698753964212
1241148,1,-45.45055774452205
3773282,1,-45.551425799346305
2628035,1,-45.937009573446886
730351,1,-45.211367177235964
741140,1,-45.35650807624577
1439905,0,-43.04923437434209
3287786,0,-43.533569245931176
412192,1,-45.96448891068492
3255030,1,-45.05810111649411
841393,1,-46.25419034693714
3949488,1,-46.14436362064047
3094282,0,-42.710595627845144
466625,1,-45.329117147816696
2046521,1,-45.40950242540081
646387,1,-45.18654536991293
3130310,1,-45.233449293192685
437383,0,-42.469304322658665
3908977,1,-54.721515968089584
258883,0,-42.825425482031086
852460,0,-43.09946620063373
225797,0,-41.84012191152542
852396,1,-45.215616730902525
391940,0,-43.40752389225895
2989234,0,-42.24546574747639
2543002,0,-33.567864827327405
2917626,0,-42.768231888935716
1785902,0,-42.727070339299736
2557688,0,-42.48807247046203
2728285,1,-45.579737123545485
680265,1,-46.32690347844089
2029851,0,-42.59554912044363
2189804,1,-45.88185583064676
2256992,0,-43.045184706230295
1648738,1,-54.60850457815632
578244,1,-41.82092557665337
3849930,0,-42.920655782314455
2513606,1,-46.28954964902006
1161594,1,-55.7144102380708
2888793,1,-45.257750262028594
1226961,1,-44.12320981708246
2046736,1,-45.4391871262759
3115474,0,-42.786528493867074
1515814,1,-45.32132489214531
2548836,0,-42.221846119444116
3863472,0,-42.051484843834594
2252456,1,-44.656237579946676
3934130,0,-41.905288893683256
1152478,1,-46.26270680016344
1211369,0,-43.202363418531654
1577865,1,-45.778994641693124
3779348,0,-42.552744910266654
285104,1,-45.0148081194854
1852662,1,-45.42686652240863
1961522,0,-36.325780084136504
1400172,1,-44.96524093485819
466901,0,-42.753285836971195
477811,0,-42.87335338171383
3172896,1,-45.403107708250644
758323,0,-42.102994065672405
1085372,0,-42.371737999603766
1147420,0,-43.044282162055524
1416814,0,-42.655027689911556
3423106,0,-42.6424953571182
2690832,0,-42.68004314878026
374642,1,-45.513434267389265
2444349,1,-53.87331261912211
2225601,1,-46.24360601569304
2112814,0,-43.296546726032666
196819,1,-45.7275105429324
3411243,1,-46.70657358004238
3018149,0,-42.76423393640622
3865337,1,-45.25444324371309
3349362,0,-42.381941991674715
1855228,1,-45.79379982681679
3538871,1,-45.305453814967855
329852,0,-42.962381345319685
2618314,1,-45.92248102875104
361642,0,-42.79319210543459
1866940,1,-46.280680304878196
1435796,0,-42.688375804248395
910873,0,-42.19000821198932
874559,0,-43.14797765661474
581390,1,-46.19247439224398
3957342,0,-43.07080659349394
1411232,0,-43.028947605718656
2196849,1,-45.68605392989133
1602163,0,-42.78401613240153
3237451,0,-42.64505751379758
1779532,0,-43.13956760167426
819926,0,-45.76057396434596
1557213,0,-43.164185447665716
2144670,1,-46.57251018426858
1412958,0,-43.070150928167614
452257,1,-46.169122759802924
2639677,0,-42.6195986600431
3190639,0,-43.566337154726185
3042673,1,-45.865706153792445
2429187,1,-45.30744454653561
2121851,1,-46.310884385365775
1911206,1,-44.84035532467123
2762938,0,-39.07774586718869
2813821,1,-41.42083552735455
2062289,0,-43.08811050855675
3698594,0,-42.603305761527274
3911751,0,-42.89096371912746
950825,1,-45.433944159557335
2527742,1,-45.499351588901284
2658153,1,-31.078426866834402
2056068,1,-45.47045859329153
3028190,1,-45.52626377875473
2190356,0,-42.6410913960767
817989,1,-48.15117917035909
2009910,0,-42.874736347674244
2788930,1,-45.150582019374475
2749647,1,-45.49150331969661
2690108,1,-45.86483554387169
3236887,0,-42.64412038290206
3395577,1,-45.83309105974882
3037600,0,-42.85441179013487
3737290,0,-42.21518813678333
1280156,0,-42.702177917819434
1737246,0,-42.88762434493154
2432808,0,-41.863482302629876
3887679,1,-46.00764816634935
3145698,1,-45.99172466403722
645896,0,-42.68096981859831
2785630,1,-45.61013097938628
3674159,1,-46.19086660253672
664240,0,-42.49918273838961
1681994,0,-42.70449920853856
282672,0,-42.78092924306545
2141436,0,-43.477954092079976
1987371,1,-40.07853534618213
1613193,1,-46.156543269889816
3697582,1,-45.92773435939557
3097140,1,-45.222026052585555
1787427,1,-45.770501434151875
3884220,1,-45.41545858487307
3528846,1,-46.733890733850885
3505167,1,-45.81428491449834
3840383,0,-43.05784089110553
1266352,1,-45.61751011261854
3105290,0,-43.56250007024381
3526603,0,-42.861962793935
2466920,1,-45.10739195618168
3723159,1,-46.774825119758596
2637211,1,-46.30936192353226
338926,0,-43.162244241297955
1486952,1,-45.82648651089546
3220017,1,-45.505186119201625
2667528,0,-42.75217013200168
2586078,0,-42.02811872055809
3018369,0,-42.973447421319406
1372465,1,-45.87909581478346
2636841,1,-41.71759004868644
2615935,1,-45.82467813861285
3391754,1,-45.990411845942326
737373,0,-42.749248903980714
2394349,1,-46.11428457923478
2691938,1,-45.494345193059395
3271003,0,-52.19958804477237
3513341,1,-45.794697770494984
1635741,0,-41.8056448833703
3164611,0,-42.18454677703641
1063366,0,-50.947915010419855
3079877,0,-42.498681121377956
3511532,0,-28.229809165286355
578846,1,-45.37979520066611
1858397,0,-50.60260349353442
3164823,1,-45.15878051713417
1896770,0,-42.587389067790006
961433,1,-45.927323066701874
3406582,0,-43.53871027309181
491289,0,-43.04531770527513
716923,1,-45.709564490703826
3938170,1,-46.099287585686746
636684,0,-43.06717420682119
1109695,0,-43.02614173821087
3070160,1,-45.83735397486892
551939,0,-43.076885810920196
1394184,0,-43.18651869385636
588510,0,-50.805729758580114
3534556,0,-42.92497472952052
463783,1,-46.002253086249056
1296834,0,-42.933827329540826
1403431,0,-42.930471783481536
594592,0,-42.750008551914554
2830419,0,-43.11657489225513
679222,1,-46.44086237917161
1052846,0,-43.05052481130439
2823456,0,-42.94905843750343
3470408,0,-42.602731152878455
2893370,0,-42.912269638259744
3177844,1,-41.79088436384324
1974666,1,-39.339232401384166
239354,0,-43.45279114006698
971107,0,-43.44784167270369
3123111,1,-46.00782454089788
3195935,1,-45.80602197251764
3547810,0,-43.162237468510234
2861495,0,-42.05558033709993
446364,0,-42.09069798859968
1223470,0,-42.80735819725198
434358,0,-43.12066941888274
3075404,0,-43.14355796547541
277353,1,-45.90074058154554
2613149,0,-42.189352708562815
973376,0,-41.99769505312669
2234341,1,-45.849014704280606
664611,0,-43.09695661954138
2869879,1,-46.17143585043744
555962,0,-42.745831732752876
3712123,1,-45.41429834803648
275930,0,-42.5924080265033
624521,1,-46.00257597420938
2110862,1,-46.489718453154836
1594936,0,-42.94147450146082
2814939,0,-42.3057589929921
3293903,0,-38.182522209285096
3384034,0,-42.97519809991289
3677549,1,-45.714632745798866
3165829,0,-43.54397119630717
2004015,1,-45.069336568547676
2727325,1,-45.96793856771718
1414646,1,-45.65354771543562
2636460,0,-42.72407970697217
2161840,1,-45.426271224712835
1771709,0,-42.88456047327522
3424288,1,-46.16082619356414
3515294,0,-42.597356961973766
1774094,1,-45.41352139909037
2257168,1,-46.36920356637796
810335,0,-42.59519309365488
2757805,0,-42.20420759336016
919017,0,-42.5791076425525
2702825,1,-45.45188370834771
3216669,0,-43.03169284687988
3951692,0,-28.210243200694983
3240985,1,-45.86622420457697
3182396,1,-45.70424659179256
3860574,1,-45.0732719552144
2462646,0,-42.51824779545178
1115122,1,-46.05523258472843
1216145,0,-43.250432701597006
929985,1,-45.37644590039758
2254289,1,-31.177217098583146
1495664,1,-45.8335977455601
1544397,0,-42.93596962112301
238321,1,-45.942047159174315
3390189,0,-43.03597444174714
267497,1,-45.18009558381499
568234,1,-45.19226586030672
2638355,0,-42.91780713756708
983407,0,-42.711355938788174
2396654,1,-46.364023466514155
3279900,1,-45.44760560780408
1559853,1,-45.89318386398137
622589,0,-42.88699863678227
461468,1,-45.92313971423241
2509640,1,-45.045465155487534
2631171,1,-46.32788149628516
2588733,0,-42.509110646836646
1540000,1,-46.180947057949744
2455271,1,-43.926551298217035
2898962,1,-41.27712513015264
888791,0,-42.798719348134114
673001,0,-42.56771511526756
1750453,0,-43.1031115219808
3791820,0,-42.482257831039334
2107182,1,-45.94115721569549
1606391,0,-42.71045039844548
746746,1,-46.313433116482386
841436,0,-42.323177403211645
3330476,1,-46.13717898307313
1668773,1,-38.749977111145746
2716532,1,-45.22629793762323
1454201,0,-42.334912900570615
2482222,1,-45.568910495650954
292726,0,-42.87286308588745
3668594,1,-45.981403911953876
950610,1,-46.2632934912685
3349593,1,-45.30089056685013
2656158,1,-45.71529696684485
3192408,1,-45.81537415985388
3438953,1,-45.331633948493824
2057102,0,-42.490373848674224
3791722,0,-42.68199027267198
2574568,1,-45.877745350640524
3403474,0,-42.79649289936492
2785054,1,-45.813883270439455
2409962,1,-45.548940777373396
3084492,0,-42.773985478251525
3859000,1,-45.729732091783994
256212,1,-45.725144337902556
2006225,1,-46.13341357139449
253469,0,-43.02451014946652
1981815,1,-39.77967208865036
3332376,0,-42.94745896215805
3528392,0,-42.74773700014629
2251567,1,-45.72625969529747
2463237,0,-42.501854466633034
2967262,1,-46.15565436291381
1673580,1,-40.00705525754742
1715173,0,-36.54904102160107
1979363,0,-36.0495179112594
435576,1,-45.888755803084386
740092,0,-43.11711159961269
2739715,1,-45.8284593344895
1846634,1,-45.02287733085086
881485,1,-45.80825622441721
2626609,0,-42.939152315460134
274749,1,-45.69684460290048
2549553,0,-42.6676162000212
258963,1,-45.892773862464075
743159,1,-46.21285024191378
3905864,0,-42.47645019188114
1588984,1,-46.23243598736911
2805285,1,-46.02578698349471
3711056,1,-45.97545384844525
2470737,0,-41.981088124280184
1846126,0,-43.05999355064045
1308787,1,-45.802436437378674
1583137,0,-42.91945621290609
1784252,1,-45.63303090050374
1593132,0,-43.033669213341895
3930029,0,-42.3945194024086
3062058,1,-45.52542252758181
1236153,1,-45.309060273859906
1024377,0,-43.12055986004515
2499616,1,-45.228278818186
2446647,0,-43.55582463230063
3836845,0,-42.70264546554801
921350,0,-43.357514068832586
2571013,1,-45.02998433460297
614856,1,-46.58900175101158
1090621,1,-45.80748896515041
2112963,0,-42.90954832097557
221877,1,-46.26949350034445
2871860,1,-45.5082880177544
3181101,1,-45.64236680473806
595805,0,-43.219618715720465
1045609,1,-46.318298580197094
3400082,0,-42.83067929785169
1578883,0,-43.21125963564431
1641700,0,-38.11281380506559
1972342,1,-40.34118337201822
3786320,1,-46.1204941838639
3384237,0,-42.83018621781702
1512632,0,-42.505773349842784
3457313,1,-45.79997867466736
2027707,1,-45.568104560836325
2237510,1,-41.01835289203714
3418901,0,-42.62267281006128
2907394,1,-45.032762343916055
3459681,1,-45.96362973464068
1571754,1,-44.86617933684359
2413765,0,-42.509263273252174
2544338,1,-45.99180775287168
2020987,0,-43.0527259944503
2164884,0,-43.21851152398837
3280998,0,-42.98988737292071
1757758,0,-42.32174991757307
2864862,1,-46.01424502422727
3387589,1,-45.69977703640904
3693828,1,-45.54914187627806
328319,1,-46.66557667453302
2665879,1,-36.860935291999105
3177849,0,-42.20431002903681
2721556,1,-46.32395749155423
3272044,0,-42.625497800818884
2802148,0,-43.30295388406153
717365,1,-45.339832660700374
3761497,0,-42.71592977777018
3778699,0,-42.80026226776542
2621131,1,-45.352627784131286
2697265,1,-45.907466708348885
1135238,0,-42.9978362412295
648602,0,-42.387134492679515
664665,1,-45.91372085066921
3018022,1,-45.47281583890059
2747353,1,-45.85211792615886
1858485,0,-41.98707772688294
3026472,1,-45.2546000871848
3793998,0,-43.36745380421809
3400810,1,-46.93261019788858
3213542,1,-45.893317226466934
2474802,0,-42.95823386311058
2724251,0,-38.21453370485096
3430170,1,-45.75170529614593
342470,0,-42.44789051861497
3189786,1,-45.60238152302681
3874188,0,-42.26262917547161
2114960,1,-46.28379866960873
2730067,1,-45.54635202522819
3476773,0,-42.85126253124137
1580921,1,-46.379490298356956
641401,1,-45.796082742109526
2233049,1,-45.99932372205812
2544081,0,-38.84024096544894
478898,0,-42.45243929265712
2542159,1,-45.95354676941029
3892224,0,-42.316193946473994
329025,1,-45.330841099004914
710954,1,-45.96690448971145
1290341,0,-43.08800914608414
3448868,0,-42.4980831391011
1225046,1,-45.61462898058817
1278239,1,-45.389289895679546
3930057,0,-41.99581479911766
400168,1,-45.54138455886773
2275746,0,-43.558942877385
2557900,0,-37.99093736154185
1963649,1,-39.193855835119315
486361,1,-45.92669325246098
3835006,1,-46.5691099506444
3013329,0,-38.549435549185546
2727987,1,-45.488018841915945
2851626,0,-42.468685475154864
1260707,1,-45.415397381835525
2145047,0,-42.96486690376636
1296615,1,-46.016838152670886
542406,0,-42.816915230954834
2514725,0,-28.03913717467277
1150807,1,-46.04849119152463
1983451,1,-313.8027830833542
1865999,0,-43.02079885556766
1170793,0,-36.88316822833757
2046504,0,-42.63903139069308
2862468,1,-45.993347502778555
979698,0,-42.715279425287385
3427025,1,-45.105466907906894
856712,1,-45.09279944035516
569280,0,-42.26070848013287
1104143,0,-47.022499863849994
1302944,1,-45.605237606075875
2879937,1,-45.86351154651515
485777,1,-45.76634936755075
2214458,1,-45.65408949451455
539981,1,-45.23129204735399
1858487,0,-42.42181408700691
967302,1,-41.382469458529975
3753953,0,-42.972310277545674
1378143,0,-42.27393878698384
3716078,1,-45.8597817507288
715313,1,-45.547417899883364
1172168,1,-45.912708029480505
3944946,0,-43.216093161702965
1783812,0,-38.17240541719279
381388,0,-41.87860919291504
3050803,1,-45.56147659999299
2240957,0,-42.327937889024426
2037823,1,-45.63333480776553
1327451,0,-51.29313263220676
3322962,1,-45.43965202268233
964265,0,-43.456041098996614
512408,0,-42.50410030983414
3414410,1,-45.10969603145026
1673925,1,-39.48515782169439
1637883,0,-42.70312885818018
648261,0,-43.061036046644276
3535092,0,-42.70997334893204
240919,1,-45.59136383434067
1489750,1,-54.06648487224924
577468,0,-43.55888382016088
2740468,1,-45.61006329615303
2707436,1,-45.87232261663214
324505,0,-42.74692589503795
2114649,1,-46.463186049574944
2269238,1,-45.82819782717654
670904,1,-45.420222142722004
3193436,0,-42.580574367242534
2221341,1,-45.60766549294231
3543362,1,-46.20205618743991
1082885,1,-41.865028503139996
3674565,1,-45.85432529181965
1023659,0,-42.191545266887466
1536086,1,-45.38459886971566
897080,0,-42.54791988935309
2166276,1,-45.13537904484876
811341,0,-43.08103382037606
927505,1,-54.75326651787869
2532262,1,-46.087210557926745
1529632,1,-45.967098545593174
1683841,0,-305.00482305752337
3847091,0,-43.12760772240456
2981513,0,-43.264486430917934
2246577,0,-42.99418504503262
259893,1,-45.79023886198176
648070,0,-42.80177453411374
2448380,1,-46.391011810431955
1160640,1,-45.43610612326042
2427792,0,-42.60439207633591
497916,0,-43.16429737798627
2044475,0,-42.93597417205657
679154,0,-43.16947877338001
681606,0,-42.82615542241243
356127,1,-45.59693190176951
869897,0,-42.67575147556852
3322692,1,-45.329677998647604
1838837,1,-46.060233201977574
1054516,0,-42.31314152077548
2495458,0,-42.46990906805961
1637087,1,-45.94119524326333
3785621,1,-50.340772262476165
1342809,1,-45.304542446345785
2149858,1,-46.625989827139534
812446,1,-45.60604726413117
3361824,0,-42.295611966382715
3507165,1,-45.66602993964396
2660336,0,-43.22271717886581
3019777,1,-45.442977070947364
1038031,0,-42.491715590577115
2228193,0,-42.01654133523823
3239991,0,-43.09883668415485
2830726,0,-43.51385724210037
617431,1,-44.99425498182625
3389981,1,-45.91673976842134
1914532,0,-42.98935535843739
3176870,1,-46.707690982256096
3486928,1,-45.6531906753588
1074201,0,-42.85153394662516
2809419,0,-42.48351513778587
2054096,1,-41.13566329572704
2133086,0,-46.86346028197072
1788314,0,-42.83012117871391
3694517,1,-46.26084895074069
1038180,1,-46.04925552516605
1517804,1,-45.48356278678703
1525139,1,-45.90370509866315
1099027,1,-46.131376344405545
224836,1,-46.04688147621879
3517141,1,-45.65752081942103
245515,0,-42.77021488733271
2055004,1,-45.91175759069155
2614499,1,-45.6239292596376
878790,1,-45.62793212761305
1769772,0,-42.13189869739882
1543749,1,-46.313166723258625
271068,0,-42.81287946353338
2855915,1,-45.666825683309646
236959,1,-45.61157966491141
2708643,1,-45.246586184499584
1979815,1,-35.949017084494265
306028,0,-42.6780937382626
1942633,1,-39.292483099254774
238034,1,-45.454325571932074
3085201,1,-45.96725959630549
367489,0,-42.652317356694844
2131240,1,-45.42443365870518
3161898,1,-45.75991771269007
927566,1,-45.72806664010585
2646139,0,-51.61830429754426
868069,1,-46.418484024534884
3900843,1,-45.40478250370356
1284759,0,-42.490393717252196
1767746,1,-45.896510906217934
2700722,1,-46.00274755380302
1204465,0,-42.5466424979298
2501665,1,-45.59281984495915
3216862,0,-42.38692503848506
2524129,1,-45.61639338300557
231243,1,-45.95664394373506
568297,0,-42.66381336051208
3726787,0,-43.431611586117604
299232,1,-46.24081378238852
1628789,0,-42.10928556365186
2677468,0,-43.194772685464784
2556494,0,-42.550409120608116
850208,0,-42.634807698055255
1160303,0,-42.472193868586054
2894958,0,-42.376000209284456
1487951,0,-42.736369366559856
2604838,1,-45.526078588198686
2520690,1,-45.99426377070051
2235844,1,-45.76651108500927
